,Unnamed: 0,replay_dir_path,replay_url,size,status,match_id
0,0.0,D:dota_replay/FLYING FORTUNE/20260509/,http://replay272.valve.net/570/8803332181_660859115.dem.bz2,43.107388496398926,toDo,8803332181
1,1.0,D:dota_replay/FLYING FORTUNE/20260509/,http://replay272.valve.net/570/8803307256_1005039982.dem.bz2,42.83942890167236,toDo,8803307256
2,2.0,D:dota_replay/FLYING FORTUNE/20260509/,http://replay274.valve.net/570/8803280274_14074535.dem.bz2,38.87104511260986,toDo,8803280274
3,3.0,D:dota_replay/FLYING FORTUNE/20260508/,http://replay272.valve.net/570/8801963168_701183092.dem.bz2,34.37985801696777,toDo,8801963168
4,4.0,D:dota_replay/FLYING FORTUNE/20260508/,http://replay274.valve.net/570/8801941897_1850465478.dem.bz2,41.11095905303955,toDo,8801941897
5,5.0,D:dota_replay/FLYING FORTUNE/20260507/,http://replay273.valve.net/570/8800839015_953909071.dem.bz2,33.10840034484863,toDo,8800839015
6,6.0,D:dota_replay/FLYING FORTUNE/20260507/,http://replay273.valve.net/570/8800819442_345793799.dem.bz2,33.23060607910156,toDo,8800819442
7,7.0,D:dota_replay/FLYING FORTUNE/20260507/,http://replay273.valve.net/570/8800798023_1662690321.dem.bz2,38.30784225463867,toDo,8800798023
8,8.0,D:dota_replay/FLYING FORTUNE/20260506/,http://replay273.valve.net/570/8799601934_940467412.dem.bz2,32.185709953308105,toDo,8799601934
9,9.0,D:dota_replay/FLYING FORTUNE/20260506/,http://replay273.valve.net/570/8799579943_281005799.dem.bz2,37.7811803817749,toDo,8799579943
10,10.0,D:dota_replay/FLYING FORTUNE/20260506/,http://replay272.valve.net/570/8799556270_491553049.dem.bz2,46.80189895629883,toDo,8799556270
11,11.0,D:dota_replay/FLYING FORTUNE/20260505/,http://replay274.valve.net/570/8798406537_1129762540.dem.bz2,31.417033195495605,toDo,8798406537
12,12.0,D:dota_replay/FLYING FORTUNE/20260505/,http://replay273.valve.net/570/8798389777_1273703182.dem.bz2,35.637128829956055,toDo,8798389777
13,13.0,D:dota_replay/FLYING FORTUNE/20260505/,http://replay274.valve.net/570/8798370254_1121315355.dem.bz2,38.17082214355469,toDo,8798370254
14,14.0,D:dota_replay/FLYING FORTUNE/20260504/,http://replay274.valve.net/570/8797021600_851739250.dem.bz2,47.56710338592529,toDo,8797021600
15,15.0,D:dota_replay/FLYING FORTUNE/20260504/,http://replay273.valve.net/570/8796972072_159499238.dem.bz2,33.24372959136963,toDo,8796972072
16,16.0,D:dota_replay/FLYING FORTUNE/20260502/,http://replay273.valve.net/570/8794165159_507427882.dem.bz2,37.633809089660645,toDo,8794165159
17,17.0,D:dota_replay/FLYING FORTUNE/20260502/,http://replay271.valve.net/570/8794117842_1007709464.dem.bz2,44.18239688873291,toDo,8794117842
18,18.0,D:dota_replay/FLYING FORTUNE/20260501/,http://replay273.valve.net/570/8792939742_426813505.dem.bz2,41.667728424072266,toDo,8792939742
19,19.0,D:dota_replay/FLYING FORTUNE/20260501/,http://replay271.valve.net/570/8792914755_1233679235.dem.bz2,50.397887229919434,toDo,8792914755
20,20.0,D:dota_replay/FLYING FORTUNE/20260501/,http://replay272.valve.net/570/8792890730_2055849468.dem.bz2,42.75833702087402,toDo,8792890730
21,21.0,D:dota_replay/FLYING FORTUNE/20260430/,http://replay271.valve.net/570/8791570136_147373696.dem.bz2,42.22368335723877,toDo,8791570136
22,22.0,D:dota_replay/FLYING FORTUNE/20260430/,http://replay274.valve.net/570/8791550651_1472266956.dem.bz2,36.38834857940674,toDo,8791550651
23,23.0,D:dota_replay/FLYING FORTUNE/20260430/,http://replay274.valve.net/570/8791528029_989803814.dem.bz2,34.666128158569336,toDo,8791528029
24,24.0,D:dota_replay/FLYING FORTUNE/20260429/,http://replay274.valve.net/570/8790457544_214779830.dem.bz2,38.80859088897705,toDo,8790457544
25,25.0,D:dota_replay/FLYING FORTUNE/20260429/,http://replay272.valve.net/570/8790440567_75547295.dem.bz2,31.914454460144043,toDo,8790440567
26,26.0,D:dota_replay/FLYING FORTUNE/20260429/,http://replay273.valve.net/570/8790417525_1230207884.dem.bz2,49.170820236206055,toDo,8790417525
27,27.0,D:dota_replay/FLYING FORTUNE/20260428/,http://replay274.valve.net/570/8789183838_1330027893.dem.bz2,36.97381019592285,toDo,8789183838
28,28.0,D:dota_replay/FLYING FORTUNE/20260428/,http://replay272.valve.net/570/8789158294_1190953073.dem.bz2,37.72062301635742,toDo,8789158294
29,29.0,D:dota_replay/FLYING FORTUNE/20260427/,http://replay272.valve.net/570/8788000053_872315369.dem.bz2,43.928162574768066,toDo,8788000053
30,30.0,D:dota_replay/FLYING FORTUNE/20260427/,http://replay274.valve.net/570/8787981672_1904444622.dem.bz2,35.824649810791016,toDo,8787981672
31,31.0,D:dota_replay/FLYING FORTUNE/20260427/,http://replay274.valve.net/570/8787959841_65027090.dem.bz2,37.51769733428955,toDo,8787959841
32,32.0,D:dota_replay/FLYING FORTUNE/20260425/,http://replay274.valve.net/570/8784794673_1177847399.dem.bz2,31.11702537536621,toDo,8784794673
33,33.0,D:dota_replay/FLYING FORTUNE/20260425/,http://replay273.valve.net/570/8784741126_2005015757.dem.bz2,38.02812576293945,toDo,8784741126
34,34.0,D:dota_replay/FLYING FORTUNE/20260424/,http://replay271.valve.net/570/8783477559_1110153352.dem.bz2,38.393879890441895,toDo,8783477559
35,35.0,D:dota_replay/FLYING FORTUNE/20260424/,http://replay272.valve.net/570/8783442804_557570671.dem.bz2,41.06053924560547,toDo,8783442804
36,36.0,D:dota_replay/FLYING FORTUNE/20260424/,http://replay271.valve.net/570/8783405690_1353678544.dem.bz2,31.58757972717285,toDo,8783405690
37,37.0,D:dota_replay/FLYING FORTUNE/20260423/,http://replay271.valve.net/570/8782376294_436915661.dem.bz2,39.930562019348145,toDo,8782376294
38,38.0,D:dota_replay/FLYING FORTUNE/20260423/,http://replay273.valve.net/570/8782351921_1793526806.dem.bz2,49.2515811920166,toDo,8782351921
39,39.0,D:dota_replay/FLYING FORTUNE/20260423/,http://replay271.valve.net/570/8782331865_1052202328.dem.bz2,40.3044958114624,toDo,8782331865
40,40.0,D:dota_replay/FLYING FORTUNE/20260422/,http://replay273.valve.net/570/8781190605_1475114155.dem.bz2,34.65101146697998,toDo,8781190605
41,41.0,D:dota_replay/FLYING FORTUNE/20260422/,http://replay272.valve.net/570/8781153982_519380835.dem.bz2,35.50505065917969,toDo,8781153982
42,42.0,D:dota_replay/FLYING FORTUNE/20260422/,http://replay271.valve.net/570/8781129592_2013024560.dem.bz2,34.0516881942749,toDo,8781129592
43,43.0,D:dota_replay/FLYING FORTUNE/20260422/,http://replay271.valve.net/570/8781108089_1790182513.dem.bz2,43.725626945495605,toDo,8781108089
44,44.0,D:dota_replay/FLYING FORTUNE/20260422/,http://replay186.valve.net/570/8781090048_1865789967.dem.bz2,33.97356700897217,toDo,8781090048
45,45.0,D:dota_replay/FLYING FORTUNE/20260422/,http://replay187.valve.net/570/8781071666_519549631.dem.bz2,33.582353591918945,toDo,8781071666
46,46.0,D:dota_replay/FLYING FORTUNE/20260422/,http://replay182.valve.net/570/8781044489_91099805.dem.bz2,36.57003402709961,toDo,8781044489
47,47.0,D:dota_replay/FLYING FORTUNE/20260422/,http://replay183.valve.net/570/8781014170_470152966.dem.bz2,43.19344520568848,toDo,8781014170
48,48.0,D:dota_replay/FLYING FORTUNE/20260421/,http://replay183.valve.net/570/8779846051_764434604.dem.bz2,36.253753662109375,toDo,8779846051
49,49.0,D:dota_replay/FLYING FORTUNE/20260421/,http://replay182.valve.net/570/8779822909_896234535.dem.bz2,39.40121555328369,toDo,8779822909
50,50.0,D:dota_replay/FLYING FORTUNE/20260420/,http://replay185.valve.net/570/8778634871_1219062206.dem.bz2,40.22374439239502,toDo,8778634871
51,51.0,D:dota_replay/FLYING FORTUNE/20260420/,http://replay186.valve.net/570/8778606649_1411367508.dem.bz2,37.77153205871582,toDo,8778606649
52,52.0,D:dota_replay/FLYING FORTUNE/20260420/,http://replay184.valve.net/570/8778585331_84676797.dem.bz2,33.33736038208008,toDo,8778585331
53,53.0,D:dota_replay/FLYING FORTUNE/20260418/,http://replay185.valve.net/570/8775765473_1765805427.dem.bz2,36.15408229827881,toDo,8775765473
54,54.0,D:dota_replay/FLYING FORTUNE/20260418/,http://replay181.valve.net/570/8775744893_1729897455.dem.bz2,29.823735237121586,toDo,8775744893
55,55.0,D:dota_replay/FLYING FORTUNE/20260418/,http://replay272.valve.net/570/8775718999_2063093228.dem.bz2,38.33919143676758,toDo,8775718999
56,56.0,D:dota_replay/FLYING FORTUNE/20260417/,http://replay271.valve.net/570/8774391564_1005453581.dem.bz2,31.95862865447998,toDo,8774391564
57,57.0,D:dota_replay/FLYING FORTUNE/20260417/,http://replay272.valve.net/570/8774372295_935713134.dem.bz2,34.93258476257324,toDo,8774372295
58,58.0,D:dota_replay/FLYING FORTUNE/20260417/,http://replay272.valve.net/570/8774345455_1888229189.dem.bz2,45.726457595825195,toDo,8774345455
59,59.0,D:dota_replay/FLYING FORTUNE/20260416/,http://replay274.valve.net/570/8773210139_70134591.dem.bz2,35.690035820007324,toDo,8773210139
60,60.0,D:dota_replay/FLYING FORTUNE/20260416/,http://replay273.valve.net/570/8773192961_110341348.dem.bz2,39.229668617248535,toDo,8773192961
61,61.0,D:dota_replay/FLYING FORTUNE/20260415/,http://replay272.valve.net/570/8771881987_542935318.dem.bz2,37.19930362701416,toDo,8771881987
62,62.0,D:dota_replay/FLYING FORTUNE/20260415/,http://replay273.valve.net/570/8771849353_234798560.dem.bz2,30.207676887512207,toDo,8771849353
63,63.0,D:dota_replay/FLYING FORTUNE/20260414/,http://replay274.valve.net/570/8770648807_1357802197.dem.bz2,30.91330623626709,toDo,8770648807
64,64.0,D:dota_replay/FLYING FORTUNE/20260414/,http://replay273.valve.net/570/8770613911_1552949716.dem.bz2,37.44260597229004,toDo,8770613911
65,65.0,D:dota_replay/FLYING FORTUNE/20260414/,http://replay274.valve.net/570/8770579211_711605537.dem.bz2,34.49723720550537,toDo,8770579211
66,66.0,D:dota_replay/FLYING FORTUNE/20260413/,http://replay272.valve.net/570/8769530051_1492774570.dem.bz2,36.16137886047363,toDo,8769530051
67,67.0,D:dota_replay/FLYING FORTUNE/20260413/,http://replay271.valve.net/570/8769506988_1024508610.dem.bz2,41.55174160003662,toDo,8769506988
68,68.0,D:dota_replay/FLYING FORTUNE/20260413/,http://replay273.valve.net/570/8769483475_672695637.dem.bz2,43.03598880767822,toDo,8769483475
69,69.0,D:dota_replay/FLYING FORTUNE/20260411/,http://replay271.valve.net/570/8766285720_1804858145.dem.bz2,44.760727882385254,toDo,8766285720
70,70.0,D:dota_replay/FLYING FORTUNE/20260411/,http://replay272.valve.net/570/8766251302_832285091.dem.bz2,45.19449806213379,toDo,8766251302
71,71.0,D:dota_replay/FLYING FORTUNE/20260411/,http://replay274.valve.net/570/8766208433_481179583.dem.bz2,49.31538486480713,toDo,8766208433
72,72.0,D:dota_replay/FLYING FORTUNE/20260410/,http://replay272.valve.net/570/8765034315_746102390.dem.bz2,41.70768737792969,toDo,8765034315
73,73.0,D:dota_replay/FLYING FORTUNE/20260410/,http://replay272.valve.net/570/8765015537_861804144.dem.bz2,30.92680931091309,toDo,8765015537
74,74.0,D:dota_replay/FLYING FORTUNE/20260410/,http://replay274.valve.net/570/8764992484_1053245359.dem.bz2,35.38676834106445,toDo,8764992484
75,75.0,D:dota_replay/FLYING FORTUNE/20260409/,http://replay272.valve.net/570/8763611445_909207027.dem.bz2,38.568854331970215,toDo,8763611445
76,76.0,D:dota_replay/FLYING FORTUNE/20260409/,http://replay272.valve.net/570/8763587478_307505198.dem.bz2,33.91561698913574,toDo,8763587478
77,77.0,D:dota_replay/FLYING FORTUNE/20260408/,http://replay271.valve.net/570/8762414084_1585073269.dem.bz2,34.63228511810303,toDo,8762414084
78,78.0,D:dota_replay/FLYING FORTUNE/20260408/,http://replay272.valve.net/570/8762393297_1987087088.dem.bz2,40.15769386291504,toDo,8762393297
79,79.0,D:dota_replay/FLYING FORTUNE/20260408/,http://replay274.valve.net/570/8762374306_948791798.dem.bz2,37.86229133605957,toDo,8762374306
80,80.0,D:dota_replay/FLYING FORTUNE/20260407/,http://replay274.valve.net/570/8761054697_1413723122.dem.bz2,31.757634162902832,toDo,8761054697
81,81.0,D:dota_replay/FLYING FORTUNE/20260407/,http://replay271.valve.net/570/8761013273_258792392.dem.bz2,49.79349136352539,toDo,8761013273
82,82.0,D:dota_replay/FLYING FORTUNE/20260407/,http://replay274.valve.net/570/8760975621_947172421.dem.bz2,35.44749164581299,toDo,8760975621
83,83.0,D:dota_replay/FLYING FORTUNE/20260406/,http://replay273.valve.net/570/8759595848_174777763.dem.bz2,32.212337493896484,toDo,8759595848
84,84.0,D:dota_replay/FLYING FORTUNE/20260406/,http://replay272.valve.net/570/8759554720_1077181717.dem.bz2,32.50835609436035,toDo,8759554720
85,85.0,D:dota_replay/FLYING FORTUNE/20260404/,http://replay271.valve.net/570/8756756115_1025222711.dem.bz2,28.050634384155273,toDo,8756756115
86,86.0,D:dota_replay/FLYING FORTUNE/20260404/,http://replay271.valve.net/570/8756734688_1200401606.dem.bz2,25.825385093688965,toDo,8756734688
87,87.0,D:dota_replay/FLYING FORTUNE/20260404/,http://replay271.valve.net/570/8756706438_1256936080.dem.bz2,35.06465816497803,toDo,8756706438
