,Unnamed: 0.3,Unnamed: 0.2,Unnamed: 0.1,Unnamed: 0,replay_dir_path,replay_url,size,status,match_id
0,0.0,0.0,0.0,0.0,D:dota_replay/HEROIC/20260424/,http://replay192.valve.net/570/8783919534_409859136.dem.bz2,135.13338470458984,toDo,8783919534
1,1.0,1.0,1.0,1.0,D:dota_replay/HEROIC/20260424/,http://replay193.valve.net/570/8783863589_492551869.dem.bz2,135.6406545639038,toDo,8783863589
2,2.0,2.0,2.0,2.0,D:dota_replay/HEROIC/20260424/,http://replay191.valve.net/570/8783810675_1625105156.dem.bz2,130.39496517181396,toDo,8783810675
3,3.0,3.0,3.0,3.0,D:dota_replay/HEROIC/20260423/,http://replay193.valve.net/570/8782750796_980510368.dem.bz2,173.61230373382568,toDo,8782750796
4,4.0,4.0,4.0,4.0,D:dota_replay/HEROIC/20260423/,http://replay191.valve.net/570/8782678248_1471827899.dem.bz2,132.58695316314697,toDo,8782678248
5,5.0,5.0,5.0,5.0,D:dota_replay/HEROIC/20260422/,http://replay193.valve.net/570/8781366014_1298419084.dem.bz2,124.02224826812744,toDo,8781366014
6,6.0,6.0,6.0,6.0,D:dota_replay/HEROIC/20260422/,http://replay193.valve.net/570/8781318601_1093289967.dem.bz2,119.6089687347412,toDo,8781318601
7,7.0,7.0,7.0,7.0,D:dota_replay/HEROIC/20260421/,http://replay193.valve.net/570/8780111494_1026704580.dem.bz2,103.9581069946289,toDo,8780111494
8,8.0,8.0,8.0,8.0,D:dota_replay/HEROIC/20260421/,http://replay191.valve.net/570/8780072726_813126532.dem.bz2,96.11934280395508,toDo,8780072726
9,9.0,9.0,9.0,9.0,D:dota_replay/HEROIC/20260420/,http://replay193.valve.net/570/8779006190_1411223926.dem.bz2,90.82226371765135,toDo,8779006190
10,10.0,10.0,10.0,10.0,D:dota_replay/HEROIC/20260420/,http://replay191.valve.net/570/8778945001_1518693414.dem.bz2,131.80060863494873,toDo,8778945001
11,11.0,11.0,11.0,11.0,D:dota_replay/HEROIC/20260420/,http://replay191.valve.net/570/8778254726_326932885.dem.bz2,91.05946826934814,toDo,8778254726
12,12.0,12.0,12.0,12.0,D:dota_replay/HEROIC/20260420/,http://replay193.valve.net/570/8778162915_908296339.dem.bz2,107.40434741973876,toDo,8778162915
13,13.0,13.0,13.0,13.0,D:dota_replay/HEROIC/20260419/,http://replay193.valve.net/570/8776815882_977221770.dem.bz2,63.08360958099365,toDo,8776815882
14,14.0,14.0,14.0,14.0,D:dota_replay/HEROIC/20260419/,http://replay191.valve.net/570/8776679266_335686605.dem.bz2,134.8858404159546,toDo,8776679266
15,15.0,15.0,15.0,15.0,D:dota_replay/HEROIC/20260418/,http://replay192.valve.net/570/8776583882_899001562.dem.bz2,71.91420650482178,toDo,8776583882
16,16.0,16.0,16.0,16.0,D:dota_replay/HEROIC/20260415/,http://replay346.valve.net/570/8772062569_1284752226.dem.bz2,112.48830509185792,toDo,8772062569
17,17.0,17.0,17.0,17.0,D:dota_replay/HEROIC/20260415/,http://replay346.valve.net/570/8772012963_1010817970.dem.bz2,124.98425769805908,toDo,8772012963
18,18.0,18.0,18.0,18.0,D:dota_replay/HEROIC/20260415/,http://replay346.valve.net/570/8771982857_1577724455.dem.bz2,58.22754859924317,toDo,8771982857
19,19.0,19.0,19.0,19.0,D:dota_replay/HEROIC/20260415/,http://replay346.valve.net/570/8771948020_631228012.dem.bz2,56.1981143951416,toDo,8771948020
20,20.0,20.0,20.0,20.0,D:dota_replay/HEROIC/20260415/,http://replay346.valve.net/570/8771903245_653460477.dem.bz2,60.26112747192383,toDo,8771903245
21,21.0,21.0,21.0,21.0,D:dota_replay/HEROIC/20260414/,http://replay346.valve.net/570/8770837839_283702856.dem.bz2,82.13374900817871,toDo,8770837839
22,22.0,22.0,22.0,22.0,D:dota_replay/HEROIC/20260414/,http://replay346.valve.net/570/8770803860_1174410726.dem.bz2,75.78836441040039,toDo,8770803860
23,23.0,23.0,23.0,23.0,D:dota_replay/HEROIC/20260414/,http://replay346.valve.net/570/8770764646_605588221.dem.bz2,53.93942165374756,toDo,8770764646
24,24.0,24.0,24.0,24.0,D:dota_replay/HEROIC/20260413/,http://replay346.valve.net/570/8769558261_1468770124.dem.bz2,54.6884822845459,toDo,8769558261
25,25.0,25.0,25.0,25.0,D:dota_replay/HEROIC/20260413/,http://replay346.valve.net/570/8769531082_148627734.dem.bz2,35.804320335388184,toDo,8769531082
26,26.0,26.0,26.0,26.0,D:dota_replay/HEROIC/20260413/,http://replay346.valve.net/570/8769491328_1469738941.dem.bz2,60.1102991104126,toDo,8769491328
27,27.0,27.0,27.0,27.0,D:dota_replay/HEROIC/20260413/,http://replay346.valve.net/570/8769392037_1960677344.dem.bz2,36.981900215148926,toDo,8769392037
28,28.0,28.0,28.0,28.0,D:dota_replay/HEROIC/20260413/,http://replay346.valve.net/570/8769341364_413962458.dem.bz2,59.46617126464844,toDo,8769341364
29,29.0,29.0,29.0,29.0,D:dota_replay/HEROIC/20260410/,http://replay271.valve.net/570/8764502762_1268711138.dem.bz2,65.88836479187012,toDo,8764502762
30,30.0,30.0,30.0,30.0,D:dota_replay/HEROIC/20260409/,http://replay274.valve.net/570/8764351266_804925143.dem.bz2,65.88135242462158,toDo,8764351266
31,31.0,31.0,31.0,31.0,D:dota_replay/HEROIC/20260409/,http://replay273.valve.net/570/8763493227_1556947213.dem.bz2,66.39831829071045,toDo,8763493227
32,32.0,32.0,32.0,32.0,D:dota_replay/HEROIC/20260409/,http://replay271.valve.net/570/8763405558_655185687.dem.bz2,60.474138259887695,toDo,8763405558
33,33.0,33.0,33.0,33.0,D:dota_replay/HEROIC/20260314/,http://replay191.valve.net/570/8728480115_787740528.dem.bz2,217.5363540649414,toDo,8728480115
34,34.0,34.0,34.0,34.0,D:dota_replay/HEROIC/20260314/,http://replay193.valve.net/570/8728374991_1144791393.dem.bz2,154.50883293151855,toDo,8728374991
35,35.0,35.0,35.0,35.0,D:dota_replay/HEROIC/20260313/,http://replay193.valve.net/570/8726925455_1495821088.dem.bz2,128.40666389465332,toDo,8726925455
36,36.0,36.0,36.0,36.0,D:dota_replay/HEROIC/20260313/,http://replay193.valve.net/570/8726866965_1423630216.dem.bz2,130.1249532699585,toDo,8726866965
37,37.0,37.0,37.0,37.0,D:dota_replay/HEROIC/20260313/,http://replay191.valve.net/570/8726823865_1658812499.dem.bz2,91.67268466949464,toDo,8726823865
38,38.0,38.0,38.0,38.0,D:dota_replay/HEROIC/20260312/,http://replay193.valve.net/570/8725631999_1944540599.dem.bz2,131.6039800643921,toDo,8725631999
39,39.0,39.0,39.0,39.0,D:dota_replay/HEROIC/20260312/,http://replay193.valve.net/570/8725587289_1873979245.dem.bz2,105.30326652526855,toDo,8725587289
40,40.0,40.0,40.0,40.0,D:dota_replay/HEROIC/20260311/,http://replay193.valve.net/570/8723788376_2065747363.dem.bz2,122.56540775299072,toDo,8723788376
41,41.0,41.0,41.0,41.0,D:dota_replay/HEROIC/20260311/,http://replay193.valve.net/570/8723689693_1444395939.dem.bz2,140.28239154815674,toDo,8723689693
42,42.0,42.0,42.0,42.0,D:dota_replay/HEROIC/20260310/,http://replay191.valve.net/570/8723608534_1744412595.dem.bz2,91.64367389678956,toDo,8723608534
43,43.0,43.0,43.0,43.0,D:dota_replay/HEROIC/20260310/,http://replay191.valve.net/570/8722783850_353685785.dem.bz2,129.00049304962158,toDo,8722783850
44,44.0,44.0,44.0,44.0,D:dota_replay/HEROIC/20260310/,http://replay193.valve.net/570/8722703843_45503467.dem.bz2,128.0259885787964,toDo,8722703843
45,45.0,45.0,45.0,45.0,D:dota_replay/HEROIC/20260310/,http://replay191.valve.net/570/8722621723_1401383591.dem.bz2,108.89005184173584,toDo,8722621723
46,46.0,46.0,46.0,46.0,D:dota_replay/HEROIC/20260308/,http://replay191.valve.net/570/8720864986_1138018241.dem.bz2,141.99734497070312,toDo,8720864986
47,47.0,47.0,47.0,47.0,D:dota_replay/HEROIC/20260308/,http://replay191.valve.net/570/8720777640_1481995636.dem.bz2,101.46304988861084,toDo,8720777640
48,48.0,48.0,48.0,48.0,D:dota_replay/HEROIC/20260308/,http://replay192.valve.net/570/8720685171_1413013455.dem.bz2,139.38900470733645,toDo,8720685171
49,49.0,49.0,49.0,49.0,D:dota_replay/HEROIC/20260308/,http://replay192.valve.net/570/8719697794_489709159.dem.bz2,124.07456588745116,toDo,8719697794
50,50.0,50.0,50.0,50.0,D:dota_replay/HEROIC/20260307/,http://replay193.valve.net/570/8719587905_187067094.dem.bz2,139.61933040618896,toDo,8719587905
51,51.0,51.0,51.0,51.0,D:dota_replay/HEROIC/20260214/,http://replay274.valve.net/570/8690043972_1364306032.dem.bz2,95.54749870300292,toDo,8690043972
52,52.0,52.0,52.0,52.0,D:dota_replay/HEROIC/20260214/,http://replay274.valve.net/570/8689976673_1696521026.dem.bz2,92.94841003417967,toDo,8689976673
53,53.0,53.0,53.0,53.0,D:dota_replay/HEROIC/20260214/,http://replay274.valve.net/570/8689898665_109175355.dem.bz2,92.26006507873537,toDo,8689898665
54,54.0,54.0,54.0,54.0,D:dota_replay/HEROIC/20260214/,http://replay273.valve.net/570/8689821393_1947927784.dem.bz2,71.69688034057617,toDo,8689821393
55,55.0,55.0,55.0,55.0,D:dota_replay/HEROIC/20260208/,http://replay274.valve.net/570/8683127512_2093143154.dem.bz2,103.59189319610596,toDo,8683127512
56,56.0,56.0,56.0,56.0,D:dota_replay/HEROIC/20260208/,http://replay274.valve.net/570/8682972538_1781324480.dem.bz2,161.17708587646484,toDo,8682972538
57,57.0,57.0,57.0,57.0,D:dota_replay/HEROIC/20260206/,http://replay273.valve.net/570/8680063852_979950750.dem.bz2,134.8637456893921,toDo,8680063852
58,58.0,58.0,58.0,58.0,D:dota_replay/HEROIC/20260206/,http://replay273.valve.net/570/8679911370_1056030151.dem.bz2,167.90297985076904,toDo,8679911370
59,59.0,59.0,59.0,59.0,D:dota_replay/HEROIC/20260206/,http://replay274.valve.net/570/8679156367_1880322917.dem.bz2,104.13936138153076,toDo,8679156367
60,60.0,60.0,60.0,60.0,D:dota_replay/HEROIC/20260206/,http://replay273.valve.net/570/8678941086_1742897719.dem.bz2,100.21004676818848,toDo,8678941086
61,61.0,61.0,61.0,61.0,D:dota_replay/HEROIC/20260205/,http://replay274.valve.net/570/8678680298_1322257098.dem.bz2,150.0414514541626,toDo,8678680298
62,62.0,62.0,62.0,62.0,D:dota_replay/HEROIC/20260205/,http://replay272.valve.net/570/8678406332_371448955.dem.bz2,57.61839771270752,toDo,8678406332
63,63.0,63.0,63.0,63.0,D:dota_replay/HEROIC/20260205/,http://replay272.valve.net/570/8677839869_1214242816.dem.bz2,98.5240592956543,toDo,8677839869
64,64.0,64.0,64.0,64.0,D:dota_replay/HEROIC/20260204/,http://replay273.valve.net/570/8677493033_696665176.dem.bz2,97.3404664993286,toDo,8677493033
65,65.0,65.0,65.0,65.0,D:dota_replay/HEROIC/20260204/,http://replay273.valve.net/570/8677172021_2005640108.dem.bz2,114.38774967193604,toDo,8677172021
66,66.0,66.0,66.0,66.0,D:dota_replay/HEROIC/20260204/,http://replay272.valve.net/570/8676532526_640447741.dem.bz2,113.29934883117676,toDo,8676532526
67,67.0,67.0,67.0,67.0,D:dota_replay/HEROIC/20260203/,http://replay274.valve.net/570/8676235420_591538448.dem.bz2,82.26674461364746,toDo,8676235420
68,68.0,68.0,68.0,68.0,D:dota_replay/HEROIC/20260203/,http://replay274.valve.net/570/8676004943_793238634.dem.bz2,80.75863265991211,toDo,8676004943
69,69.0,69.0,69.0,69.0,D:dota_replay/HEROIC/20260203/,http://replay273.valve.net/570/8675848583_500907948.dem.bz2,62.746320724487305,toDo,8675848583
