,Unnamed: 0.7,Unnamed: 0.6,Unnamed: 0.5,Unnamed: 0.4,Unnamed: 0.3,Unnamed: 0.2,Unnamed: 0.1,Unnamed: 0,replay_dir_path,replay_url,size,status,match_id
0,0.0,0.0,0.0,0.0,0.0,0.0,0.0,0.0,D:dota_replay/MOUZ/20260422/,http://replay193.valve.net/570/8781560526_1222205560.dem.bz2,155.596905708313,toDo,8781560526
1,1.0,1.0,1.0,1.0,1.0,1.0,1.0,1.0,D:dota_replay/MOUZ/20260422/,http://replay192.valve.net/570/8781484100_1283166294.dem.bz2,149.88608169555664,toDo,8781484100
2,2.0,2.0,2.0,2.0,2.0,2.0,2.0,2.0,D:dota_replay/MOUZ/20260422/,http://replay192.valve.net/570/8781428124_1002213378.dem.bz2,124.62035655975342,toDo,8781428124
3,3.0,3.0,3.0,3.0,3.0,3.0,3.0,3.0,D:dota_replay/MOUZ/20260421/,http://replay191.valve.net/570/8780527869_1620952906.dem.bz2,86.02134418487549,toDo,8780527869
4,4.0,4.0,4.0,4.0,4.0,4.0,4.0,4.0,D:dota_replay/MOUZ/20260421/,http://replay191.valve.net/570/8780428772_1836752976.dem.bz2,88.47058200836182,toDo,8780428772
5,5.0,5.0,5.0,5.0,5.0,5.0,5.0,5.0,D:dota_replay/MOUZ/20260421/,http://replay191.valve.net/570/8780342142_540879188.dem.bz2,82.63012981414795,toDo,8780342142
6,6.0,6.0,6.0,6.0,6.0,6.0,6.0,6.0,D:dota_replay/MOUZ/20260421/,http://replay192.valve.net/570/8779658823_723020252.dem.bz2,74.05247592926025,toDo,8779658823
7,7.0,7.0,7.0,7.0,7.0,7.0,7.0,7.0,D:dota_replay/MOUZ/20260421/,http://replay193.valve.net/570/8779574003_135616114.dem.bz2,95.89119148254396,toDo,8779574003
8,8.0,8.0,8.0,8.0,8.0,8.0,8.0,8.0,D:dota_replay/MOUZ/20260421/,http://replay193.valve.net/570/8779491334_1657941892.dem.bz2,84.14861488342285,toDo,8779491334
9,9.0,9.0,9.0,9.0,9.0,9.0,9.0,9.0,D:dota_replay/MOUZ/20260419/,http://replay191.valve.net/570/8777738576_1225442973.dem.bz2,87.48902988433838,toDo,8777738576
10,10.0,10.0,10.0,10.0,10.0,10.0,10.0,10.0,D:dota_replay/MOUZ/20260419/,http://replay192.valve.net/570/8777652578_1190016961.dem.bz2,87.22215175628662,toDo,8777652578
11,11.0,11.0,11.0,11.0,11.0,11.0,11.0,11.0,D:dota_replay/MOUZ/20260418/,http://replay191.valve.net/570/8776432038_1389634367.dem.bz2,129.7314968109131,toDo,8776432038
12,12.0,12.0,12.0,12.0,12.0,12.0,12.0,12.0,D:dota_replay/MOUZ/20260418/,http://replay191.valve.net/570/8776345901_1868465304.dem.bz2,88.05796241760254,toDo,8776345901
13,13.0,13.0,13.0,13.0,13.0,13.0,13.0,13.0,D:dota_replay/MOUZ/20260415/,http://replay272.valve.net/570/8771613554_1027651381.dem.bz2,85.11757183074951,toDo,8771613554
14,14.0,14.0,14.0,14.0,14.0,14.0,14.0,14.0,D:dota_replay/MOUZ/20260414/,http://replay274.valve.net/570/8771519532_229687728.dem.bz2,82.69804191589355,toDo,8771519532
15,15.0,15.0,15.0,15.0,15.0,15.0,15.0,15.0,D:dota_replay/MOUZ/20260414/,http://replay272.valve.net/570/8771377141_146402035.dem.bz2,135.6797170639038,toDo,8771377141
16,16.0,16.0,16.0,16.0,16.0,16.0,16.0,16.0,D:dota_replay/MOUZ/20260414/,http://replay272.valve.net/570/8771168740_810056697.dem.bz2,95.1867790222168,toDo,8771168740
17,17.0,17.0,17.0,17.0,17.0,17.0,17.0,17.0,D:dota_replay/MOUZ/20260414/,http://replay272.valve.net/570/8771114054_1900949447.dem.bz2,59.2107515335083,toDo,8771114054
18,18.0,18.0,18.0,18.0,18.0,18.0,18.0,18.0,D:dota_replay/MOUZ/20260414/,http://replay271.valve.net/570/8770616434_412280817.dem.bz2,118.25781154632568,toDo,8770616434
19,19.0,19.0,19.0,19.0,19.0,19.0,19.0,19.0,D:dota_replay/MOUZ/20260414/,http://replay273.valve.net/570/8770550929_1753152539.dem.bz2,78.9493293762207,toDo,8770550929
20,20.0,20.0,20.0,20.0,20.0,20.0,20.0,20.0,D:dota_replay/MOUZ/20260414/,http://replay272.valve.net/570/8770456297_1551696488.dem.bz2,97.4442081451416,toDo,8770456297
21,21.0,21.0,21.0,21.0,21.0,21.0,21.0,21.0,D:dota_replay/MOUZ/20260413/,http://replay273.valve.net/570/8768995011_29978478.dem.bz2,73.63688945770264,toDo,8768995011
22,22.0,22.0,22.0,22.0,22.0,22.0,22.0,22.0,D:dota_replay/MOUZ/20260412/,http://replay273.valve.net/570/8768888971_601570332.dem.bz2,63.311299324035645,toDo,8768888971
23,23.0,23.0,23.0,23.0,23.0,23.0,23.0,23.0,D:dota_replay/MOUZ/20260412/,http://replay274.valve.net/570/8768769661_1181588995.dem.bz2,66.76681518554688,toDo,8768769661
24,24.0,24.0,24.0,24.0,24.0,24.0,24.0,24.0,D:dota_replay/MOUZ/20260411/,http://replay272.valve.net/570/8766874056_1173842854.dem.bz2,60.90732192993164,toDo,8766874056
25,25.0,25.0,25.0,25.0,25.0,25.0,25.0,25.0,D:dota_replay/MOUZ/20260411/,http://replay274.valve.net/570/8766799303_416500700.dem.bz2,55.324700355529785,toDo,8766799303
26,26.0,26.0,26.0,26.0,26.0,26.0,26.0,26.0,D:dota_replay/MOUZ/20260411/,http://replay273.valve.net/570/8765867665_1635586596.dem.bz2,69.32218265533447,toDo,8765867665
27,27.0,27.0,27.0,27.0,27.0,27.0,27.0,27.0,D:dota_replay/MOUZ/20260411/,http://replay272.valve.net/570/8765781391_486386515.dem.bz2,47.75708103179931,toDo,8765781391
28,28.0,28.0,28.0,28.0,28.0,28.0,28.0,28.0,D:dota_replay/MOUZ/20260410/,http://replay274.valve.net/570/8764812557_744311398.dem.bz2,49.56297969818115,toDo,8764812557
29,29.0,29.0,29.0,29.0,29.0,29.0,29.0,29.0,D:dota_replay/MOUZ/20260410/,http://replay274.valve.net/570/8764724871_241442084.dem.bz2,96.77151203155518,toDo,8764724871
30,30.0,30.0,30.0,30.0,30.0,30.0,30.0,30.0,D:dota_replay/MOUZ/20260410/,http://replay271.valve.net/570/8764625108_2033852298.dem.bz2,69.26497745513916,toDo,8764625108
31,31.0,31.0,31.0,31.0,31.0,31.0,31.0,31.0,D:dota_replay/MOUZ/20260409/,http://replay273.valve.net/570/8763493227_1556947213.dem.bz2,66.39831829071045,toDo,8763493227
32,32.0,32.0,32.0,32.0,32.0,32.0,32.0,32.0,D:dota_replay/MOUZ/20260409/,http://replay271.valve.net/570/8763405558_655185687.dem.bz2,60.474138259887695,toDo,8763405558
33,33.0,33.0,33.0,33.0,33.0,33.0,33.0,33.0,D:dota_replay/MOUZ/20260402/,http://replay273.valve.net/570/8754352117_129600140.dem.bz2,97.16450214385986,toDo,8754352117
34,34.0,34.0,34.0,34.0,34.0,34.0,34.0,34.0,D:dota_replay/MOUZ/20260402/,http://replay272.valve.net/570/8754248527_1235708052.dem.bz2,91.92292976379396,toDo,8754248527
35,35.0,35.0,35.0,35.0,35.0,35.0,35.0,35.0,D:dota_replay/MOUZ/20260327/,http://replay273.valve.net/570/8746052384_1715544549.dem.bz2,141.64005088806152,toDo,8746052384
36,36.0,36.0,36.0,36.0,36.0,36.0,36.0,36.0,D:dota_replay/MOUZ/20260327/,http://replay273.valve.net/570/8745947296_17503388.dem.bz2,117.4721622467041,toDo,8745947296
37,37.0,37.0,37.0,37.0,37.0,37.0,37.0,37.0,D:dota_replay/MOUZ/20260327/,http://replay273.valve.net/570/8745834843_691365539.dem.bz2,104.17326545715332,toDo,8745834843
38,38.0,38.0,38.0,38.0,38.0,38.0,38.0,38.0,D:dota_replay/MOUZ/20260325/,http://replay273.valve.net/570/8743239684_853525564.dem.bz2,92.59335041046144,toDo,8743239684
39,39.0,39.0,39.0,39.0,39.0,39.0,39.0,39.0,D:dota_replay/MOUZ/20260325/,http://replay273.valve.net/570/8743150101_518614584.dem.bz2,94.65962314605711,toDo,8743150101
40,40.0,40.0,40.0,40.0,40.0,40.0,40.0,40.0,D:dota_replay/MOUZ/20260324/,http://replay274.valve.net/570/8742136025_1516875954.dem.bz2,106.09569549560548,toDo,8742136025
41,41.0,41.0,41.0,41.0,41.0,41.0,41.0,41.0,D:dota_replay/MOUZ/20260324/,http://replay271.valve.net/570/8742051677_2081027427.dem.bz2,86.73953247070312,toDo,8742051677
42,42.0,42.0,42.0,42.0,42.0,42.0,42.0,42.0,D:dota_replay/MOUZ/20260324/,http://replay274.valve.net/570/8741931257_1508266434.dem.bz2,126.62060642242432,toDo,8741931257
43,43.0,43.0,43.0,43.0,43.0,43.0,43.0,43.0,D:dota_replay/MOUZ/20260324/,http://replay271.valve.net/570/8741845660_990375914.dem.bz2,105.04763317108154,toDo,8741845660
44,44.0,44.0,44.0,44.0,44.0,44.0,44.0,44.0,D:dota_replay/MOUZ/20260324/,http://replay272.valve.net/570/8740958775_1340719346.dem.bz2,132.73688316345215,toDo,8740958775
45,45.0,45.0,45.0,45.0,45.0,45.0,45.0,45.0,D:dota_replay/MOUZ/20260323/,http://replay272.valve.net/570/8740873838_1903235038.dem.bz2,102.1746654510498,toDo,8740873838
46,46.0,46.0,46.0,46.0,46.0,46.0,46.0,46.0,D:dota_replay/MOUZ/20260323/,http://replay271.valve.net/570/8740715038_1323658429.dem.bz2,123.93014907836914,toDo,8740715038
47,47.0,47.0,47.0,47.0,47.0,47.0,47.0,47.0,D:dota_replay/MOUZ/20260323/,http://replay271.valve.net/570/8740634750_211093134.dem.bz2,104.0657444000244,toDo,8740634750
48,48.0,48.0,48.0,48.0,48.0,48.0,48.0,48.0,D:dota_replay/MOUZ/20260323/,http://replay273.valve.net/570/8739710260_78209944.dem.bz2,45.34778118133545,toDo,8739710260
49,49.0,49.0,49.0,49.0,49.0,49.0,49.0,49.0,D:dota_replay/MOUZ/20260322/,http://replay274.valve.net/570/8739610662_48063238.dem.bz2,52.72856521606445,toDo,8739610662
50,50.0,50.0,50.0,50.0,50.0,50.0,50.0,50.0,D:dota_replay/MOUZ/20260322/,http://replay272.valve.net/570/8739472184_1829917254.dem.bz2,141.30297374725342,toDo,8739472184
51,51.0,51.0,51.0,51.0,51.0,51.0,51.0,51.0,D:dota_replay/MOUZ/20260322/,http://replay274.valve.net/570/8739341590_341804163.dem.bz2,186.03326892852783,toDo,8739341590
52,52.0,52.0,52.0,52.0,52.0,52.0,52.0,52.0,D:dota_replay/MOUZ/20260310/,http://replay192.valve.net/570/8722692770_803076774.dem.bz2,130.12575149536133,toDo,8722692770
53,53.0,53.0,53.0,53.0,53.0,53.0,53.0,53.0,D:dota_replay/MOUZ/20260310/,http://replay191.valve.net/570/8722615864_1218744240.dem.bz2,122.8108024597168,toDo,8722615864
54,54.0,54.0,54.0,54.0,54.0,54.0,54.0,54.0,D:dota_replay/MOUZ/20260310/,http://replay191.valve.net/570/8722516483_1437210708.dem.bz2,152.77500343322754,toDo,8722516483
55,55.0,55.0,55.0,55.0,55.0,55.0,55.0,55.0,D:dota_replay/MOUZ/20260309/,http://replay273.valve.net/570/8721428939_1882329327.dem.bz2,130.3943338394165,toDo,8721428939
56,56.0,56.0,56.0,56.0,56.0,56.0,56.0,56.0,D:dota_replay/MOUZ/20260309/,http://replay273.valve.net/570/8721358540_1147348720.dem.bz2,104.78886604309082,toDo,8721358540
57,57.0,57.0,57.0,57.0,57.0,57.0,57.0,57.0,D:dota_replay/MOUZ/20260309/,http://replay191.valve.net/570/8721283256_309656794.dem.bz2,87.8508825302124,toDo,8721283256
58,58.0,58.0,58.0,58.0,58.0,58.0,58.0,58.0,D:dota_replay/MOUZ/20260307/,http://replay193.valve.net/570/8719282248_868456968.dem.bz2,105.90155124664308,toDo,8719282248
59,59.0,59.0,59.0,59.0,59.0,59.0,59.0,59.0,D:dota_replay/MOUZ/20260307/,http://replay193.valve.net/570/8719206511_1884542923.dem.bz2,112.63859272003174,toDo,8719206511
60,60.0,60.0,60.0,60.0,60.0,60.0,60.0,60.0,D:dota_replay/MOUZ/20260227/,http://replay273.valve.net/570/8708690141_1650866460.dem.bz2,98.00712871551514,toDo,8708690141
61,61.0,61.0,61.0,61.0,61.0,61.0,61.0,61.0,D:dota_replay/MOUZ/20260227/,http://replay273.valve.net/570/8708565430_1513554407.dem.bz2,75.85433101654053,toDo,8708565430
62,62.0,62.0,62.0,62.0,62.0,62.0,62.0,62.0,D:dota_replay/MOUZ/20260227/,http://replay271.valve.net/570/8707467954_167177995.dem.bz2,88.29148864746094,toDo,8707467954
63,63.0,63.0,63.0,63.0,63.0,63.0,63.0,63.0,D:dota_replay/MOUZ/20260226/,http://replay272.valve.net/570/8707360093_2074563085.dem.bz2,126.14154434204102,toDo,8707360093
64,64.0,64.0,64.0,64.0,64.0,64.0,64.0,64.0,D:dota_replay/MOUZ/20260226/,http://replay272.valve.net/570/8707250597_177333871.dem.bz2,103.5973663330078,toDo,8707250597
65,65.0,65.0,65.0,65.0,65.0,65.0,65.0,65.0,D:dota_replay/MOUZ/20260226/,http://replay271.valve.net/570/8706561733_1817677700.dem.bz2,117.58118152618408,toDo,8706561733
66,66.0,66.0,66.0,66.0,66.0,66.0,66.0,66.0,D:dota_replay/MOUZ/20260226/,http://replay271.valve.net/570/8706520721_1761331689.dem.bz2,97.50744342803956,toDo,8706520721
67,67.0,67.0,67.0,67.0,67.0,67.0,67.0,67.0,D:dota_replay/MOUZ/20260226/,http://replay271.valve.net/570/8706467498_1777827731.dem.bz2,104.10249137878418,toDo,8706467498
68,68.0,68.0,68.0,68.0,68.0,68.0,68.0,68.0,D:dota_replay/MOUZ/20260225/,http://replay272.valve.net/570/8704994010_125674080.dem.bz2,97.10498332977296,toDo,8704994010
69,69.0,69.0,69.0,69.0,69.0,69.0,69.0,69.0,D:dota_replay/MOUZ/20260225/,http://replay274.valve.net/570/8704911047_798157114.dem.bz2,77.07118892669678,toDo,8704911047
70,70.0,70.0,70.0,70.0,70.0,70.0,70.0,70.0,D:dota_replay/MOUZ/20260223/,http://replay271.valve.net/570/8703101544_834027139.dem.bz2,83.68518257141113,toDo,8703101544
71,71.0,71.0,71.0,71.0,71.0,71.0,71.0,71.0,D:dota_replay/MOUZ/20260223/,http://replay272.valve.net/570/8702997623_1563800893.dem.bz2,104.52127933502196,toDo,8702997623
72,72.0,72.0,72.0,72.0,72.0,72.0,72.0,72.0,D:dota_replay/MOUZ/20260222/,http://replay272.valve.net/570/8701495156_1124504308.dem.bz2,85.24230766296387,toDo,8701495156
73,73.0,73.0,73.0,73.0,73.0,73.0,73.0,73.0,D:dota_replay/MOUZ/20260222/,http://replay271.valve.net/570/8701415358_307836497.dem.bz2,72.55305480957031,toDo,8701415358
74,74.0,74.0,74.0,74.0,74.0,74.0,74.0,74.0,D:dota_replay/MOUZ/20260221/,http://replay272.valve.net/570/8700287136_1335134600.dem.bz2,63.92843723297119,toDo,8700287136
75,75.0,75.0,75.0,75.0,75.0,75.0,75.0,75.0,D:dota_replay/MOUZ/20260221/,http://replay272.valve.net/570/8700166436_1801747295.dem.bz2,93.77056312561037,toDo,8700166436
76,76.0,76.0,76.0,76.0,76.0,76.0,76.0,76.0,D:dota_replay/MOUZ/20260221/,http://replay274.valve.net/570/8700062110_197871703.dem.bz2,71.62988662719727,toDo,8700062110
77,77.0,77.0,77.0,77.0,77.0,77.0,77.0,77.0,D:dota_replay/MOUZ/20260220/,http://replay272.valve.net/570/8698660679_655659578.dem.bz2,86.29658603668213,toDo,8698660679
78,78.0,78.0,78.0,78.0,78.0,78.0,78.0,78.0,D:dota_replay/MOUZ/20260220/,http://replay273.valve.net/570/8698568968_1850175185.dem.bz2,91.5968885421753,toDo,8698568968
79,79.0,79.0,79.0,79.0,79.0,79.0,79.0,79.0,D:dota_replay/MOUZ/20260220/,http://replay274.valve.net/570/8697789792_773923119.dem.bz2,70.87318420410156,toDo,8697789792
80,80.0,80.0,80.0,80.0,80.0,80.0,80.0,80.0,D:dota_replay/MOUZ/20260220/,http://replay273.valve.net/570/8697698749_232555023.dem.bz2,98.66105651855467,toDo,8697698749
81,81.0,81.0,81.0,81.0,81.0,81.0,81.0,81.0,D:dota_replay/MOUZ/20260219/,http://replay273.valve.net/570/8697344540_1051798282.dem.bz2,109.50886058807372,toDo,8697344540
82,82.0,82.0,82.0,82.0,82.0,82.0,82.0,82.0,D:dota_replay/MOUZ/20260219/,http://replay271.valve.net/570/8697269393_444608632.dem.bz2,60.69924831390381,toDo,8697269393
83,83.0,83.0,83.0,83.0,83.0,83.0,83.0,83.0,D:dota_replay/MOUZ/20260219/,http://replay271.valve.net/570/8696466009_1772115098.dem.bz2,92.0277681350708,toDo,8696466009
84,84.0,84.0,84.0,84.0,84.0,84.0,84.0,84.0,D:dota_replay/MOUZ/20260219/,http://replay271.valve.net/570/8696400188_430585954.dem.bz2,60.71288013458252,toDo,8696400188
85,85.0,85.0,85.0,85.0,85.0,85.0,85.0,85.0,D:dota_replay/MOUZ/20260218/,http://replay272.valve.net/570/8696122466_504728967.dem.bz2,58.90828704833984,toDo,8696122466
86,86.0,86.0,86.0,86.0,86.0,86.0,86.0,86.0,D:dota_replay/MOUZ/20260218/,http://replay274.valve.net/570/8696032319_354048301.dem.bz2,87.052903175354,toDo,8696032319
87,87.0,87.0,87.0,87.0,87.0,87.0,87.0,87.0,D:dota_replay/MOUZ/20260217/,http://replay273.valve.net/570/8694931163_1385915222.dem.bz2,76.7870922088623,toDo,8694931163
88,88.0,88.0,88.0,88.0,88.0,88.0,88.0,88.0,D:dota_replay/MOUZ/20260217/,http://replay274.valve.net/570/8694844159_517259542.dem.bz2,81.34278869628906,toDo,8694844159
89,89.0,89.0,89.0,89.0,89.0,89.0,89.0,89.0,D:dota_replay/MOUZ/20260217/,http://replay272.valve.net/570/8694016846_1107623610.dem.bz2,76.2519474029541,toDo,8694016846
90,90.0,90.0,90.0,90.0,90.0,90.0,90.0,90.0,D:dota_replay/MOUZ/20260217/,http://replay272.valve.net/570/8693948351_566568735.dem.bz2,55.88675594329834,toDo,8693948351
91,91.0,91.0,91.0,91.0,91.0,91.0,91.0,91.0,D:dota_replay/MOUZ/20260207/,http://replay274.valve.net/570/8680386178_1577541328.dem.bz2,106.79592323303224,toDo,8680386178
92,92.0,92.0,92.0,92.0,92.0,92.0,92.0,92.0,D:dota_replay/MOUZ/20260207/,http://replay273.valve.net/570/8680299422_734413392.dem.bz2,93.80484867095949,toDo,8680299422
93,93.0,93.0,93.0,93.0,93.0,93.0,93.0,93.0,D:dota_replay/MOUZ/20260207/,http://replay273.valve.net/570/8680195641_173854905.dem.bz2,113.27769565582275,toDo,8680195641
94,94.0,94.0,94.0,94.0,94.0,94.0,94.0,94.0,D:dota_replay/MOUZ/20260206/,http://replay274.valve.net/570/8679156367_1880322917.dem.bz2,104.13936138153076,toDo,8679156367
95,95.0,95.0,95.0,95.0,95.0,95.0,95.0,95.0,D:dota_replay/MOUZ/20260206/,http://replay272.valve.net/570/8678833793_367254474.dem.bz2,173.7876319885254,toDo,8678833793
96,96.0,96.0,96.0,96.0,96.0,96.0,96.0,96.0,D:dota_replay/MOUZ/20260205/,http://replay273.valve.net/570/8678464003_1491625722.dem.bz2,87.62457847595215,toDo,8678464003
97,97.0,97.0,97.0,97.0,97.0,97.0,97.0,97.0,D:dota_replay/MOUZ/20260205/,http://replay274.valve.net/570/8678301907_1719143702.dem.bz2,101.82277584075928,toDo,8678301907
98,98.0,98.0,98.0,98.0,98.0,98.0,98.0,98.0,D:dota_replay/MOUZ/20260205/,http://replay271.valve.net/570/8677667228_1016949287.dem.bz2,113.82187747955322,toDo,8677667228
99,99.0,99.0,99.0,99.0,99.0,99.0,99.0,99.0,D:dota_replay/MOUZ/20260204/,http://replay274.valve.net/570/8677505029_157798844.dem.bz2,103.28192329406738,toDo,8677505029
100,100.0,100.0,100.0,100.0,100.0,100.0,100.0,100.0,D:dota_replay/MOUZ/20260204/,http://replay274.valve.net/570/8677212065_1761846081.dem.bz2,110.1930341720581,toDo,8677212065
101,101.0,101.0,101.0,101.0,101.0,101.0,101.0,101.0,D:dota_replay/MOUZ/20260204/,http://replay272.valve.net/570/8677045357_990586653.dem.bz2,101.68948554992676,toDo,8677045357
102,102.0,102.0,102.0,102.0,102.0,102.0,102.0,102.0,D:dota_replay/MOUZ/20260204/,http://replay271.valve.net/570/8676474878_766722768.dem.bz2,66.81300926208496,toDo,8676474878
103,103.0,103.0,103.0,103.0,103.0,103.0,103.0,103.0,D:dota_replay/MOUZ/20260203/,http://replay274.valve.net/570/8676214148_1922198847.dem.bz2,70.0094347000122,toDo,8676214148
104,104.0,104.0,104.0,104.0,104.0,104.0,104.0,104.0,D:dota_replay/MOUZ/20260203/,http://replay271.valve.net/570/8675934481_2137984471.dem.bz2,70.34039402008057,toDo,8675934481
105,105.0,105.0,105.0,105.0,,,,,D:dota_replay/MOUZ/20260508/,http://replay272.valve.net/570/8801752449_103805876.dem.bz2,73.14503002166748,toDo,8801752449
106,106.0,106.0,106.0,106.0,,,,,D:dota_replay/MOUZ/20260508/,http://replay273.valve.net/570/8801689041_346170213.dem.bz2,50.67393779754639,toDo,8801689041
107,107.0,107.0,107.0,107.0,,,,,D:dota_replay/MOUZ/20260508/,http://replay271.valve.net/570/8801558188_1471036741.dem.bz2,110.94034194946288,toDo,8801558188
108,108.0,108.0,108.0,108.0,,,,,D:dota_replay/MOUZ/20260507/,http://replay273.valve.net/570/8800536923_1418402672.dem.bz2,50.31357288360596,toDo,8800536923
109,109.0,109.0,109.0,109.0,,,,,D:dota_replay/MOUZ/20260507/,http://replay274.valve.net/570/8800459074_1300123747.dem.bz2,74.86583614349365,toDo,8800459074
110,110.0,110.0,110.0,110.0,,,,,D:dota_replay/MOUZ/20260507/,http://replay271.valve.net/570/8800392534_1754345302.dem.bz2,48.23384952545166,toDo,8800392534
111,111.0,111.0,111.0,111.0,,,,,D:dota_replay/MOUZ/20260506/,http://replay274.valve.net/570/8799274239_1600397505.dem.bz2,49.98233509063721,toDo,8799274239
112,112.0,112.0,112.0,112.0,,,,,D:dota_replay/MOUZ/20260506/,http://replay271.valve.net/570/8799205642_395998938.dem.bz2,53.6028470993042,toDo,8799205642
113,113.0,113.0,113.0,113.0,,,,,D:dota_replay/MOUZ/20260504/,http://replay273.valve.net/570/8797782323_1701026105.dem.bz2,48.41033935546875,toDo,8797782323
114,114.0,114.0,114.0,114.0,,,,,D:dota_replay/MOUZ/20260504/,http://replay273.valve.net/570/8797699775_333393989.dem.bz2,54.94279479980469,toDo,8797699775
115,115.0,115.0,115.0,115.0,,,,,D:dota_replay/MOUZ/20260504/,http://replay274.valve.net/570/8797005855_1064340949.dem.bz2,49.927334785461426,toDo,8797005855
116,116.0,116.0,116.0,116.0,,,,,D:dota_replay/MOUZ/20260504/,http://replay273.valve.net/570/8796923918_1491732525.dem.bz2,66.75050640106201,toDo,8796923918
117,117.0,117.0,117.0,117.0,,,,,D:dota_replay/MOUZ/20260504/,http://replay272.valve.net/570/8796840419_858597571.dem.bz2,63.55459308624267,toDo,8796840419
