,Unnamed: 0.2,Unnamed: 0.1,Unnamed: 0,replay_dir_path,replay_url,size,status,match_id
0,0.0,0.0,0.0,D:dota_replay/OG/20260413/,http://replay153.valve.net/570/8769779484_324672246.dem.bz2,52.68078327178955,toDo,8769779484
1,1.0,1.0,1.0,D:dota_replay/OG/20260413/,http://replay152.valve.net/570/8769721570_1535745990.dem.bz2,56.60412883758545,toDo,8769721570
2,2.0,2.0,2.0,D:dota_replay/OG/20260412/,http://replay152.valve.net/570/8768688669_1795764309.dem.bz2,61.97119998931885,toDo,8768688669
3,3.0,3.0,3.0,D:dota_replay/OG/20260412/,http://replay152.valve.net/570/8768544040_1819243366.dem.bz2,67.0552978515625,toDo,8768544040
4,4.0,4.0,4.0,D:dota_replay/OG/20260412/,http://replay151.valve.net/570/8768129330_1540489924.dem.bz2,52.061655044555664,toDo,8768129330
5,5.0,5.0,5.0,D:dota_replay/OG/20260412/,http://replay152.valve.net/570/8768075956_2014677437.dem.bz2,60.71141624450683,toDo,8768075956
6,6.0,6.0,6.0,D:dota_replay/OG/20260326/,http://replay274.valve.net/570/8743545122_581149759.dem.bz2,107.89145183563232,toDo,8743545122
7,7.0,7.0,7.0,D:dota_replay/OG/20260325/,http://replay272.valve.net/570/8743439140_1826949041.dem.bz2,116.76459217071532,toDo,8743439140
8,8.0,8.0,8.0,D:dota_replay/OG/20260325/,http://replay272.valve.net/570/8742496748_1186028725.dem.bz2,148.03453063964844,toDo,8742496748
9,9.0,9.0,9.0,D:dota_replay/OG/20260325/,http://replay273.valve.net/570/8742432109_498351986.dem.bz2,130.3430233001709,toDo,8742432109
10,10.0,10.0,10.0,D:dota_replay/OG/20260325/,http://replay272.valve.net/570/8742349162_1489680556.dem.bz2,76.12860298156738,toDo,8742349162
11,11.0,11.0,11.0,D:dota_replay/OG/20260325/,http://replay273.valve.net/570/8742266812_679059021.dem.bz2,118.01828861236572,toDo,8742266812
12,12.0,12.0,12.0,D:dota_replay/OG/20260324/,http://replay271.valve.net/570/8741336264_257801179.dem.bz2,91.60432815551758,toDo,8741336264
13,13.0,13.0,13.0,D:dota_replay/OG/20260324/,http://replay271.valve.net/570/8741269915_821841244.dem.bz2,161.70883178710938,toDo,8741269915
14,14.0,14.0,14.0,D:dota_replay/OG/20260324/,http://replay272.valve.net/570/8741195818_275543897.dem.bz2,97.97615242004396,toDo,8741195818
15,15.0,15.0,15.0,D:dota_replay/OG/20260324/,http://replay271.valve.net/570/8741100481_1612506137.dem.bz2,145.66820526123047,toDo,8741100481
16,16.0,16.0,16.0,D:dota_replay/OG/20260323/,http://replay273.valve.net/570/8740113631_733365844.dem.bz2,60.63736820220947,toDo,8740113631
17,17.0,17.0,17.0,D:dota_replay/OG/20260323/,http://replay274.valve.net/570/8740037610_825057041.dem.bz2,68.9416036605835,toDo,8740037610
18,18.0,18.0,18.0,D:dota_replay/OG/20260323/,http://replay271.valve.net/570/8739952710_1065090700.dem.bz2,123.69274616241456,toDo,8739952710
19,19.0,19.0,19.0,D:dota_replay/OG/20260323/,http://replay271.valve.net/570/8739863882_1549367311.dem.bz2,155.9743537902832,toDo,8739863882
20,20.0,20.0,20.0,D:dota_replay/OG/20260311/,http://replay193.valve.net/570/8723682107_1046519783.dem.bz2,120.40044784545898,toDo,8723682107
21,21.0,21.0,21.0,D:dota_replay/OG/20260310/,http://replay193.valve.net/570/8723594304_1259277063.dem.bz2,121.85071468353271,toDo,8723594304
22,22.0,22.0,22.0,D:dota_replay/OG/20260310/,http://replay192.valve.net/570/8723481092_1096709193.dem.bz2,171.7700481414795,toDo,8723481092
23,23.0,23.0,23.0,D:dota_replay/OG/20260310/,http://replay192.valve.net/570/8722692770_803076774.dem.bz2,130.12575149536133,toDo,8722692770
24,24.0,24.0,24.0,D:dota_replay/OG/20260310/,http://replay191.valve.net/570/8722615864_1218744240.dem.bz2,122.8108024597168,toDo,8722615864
25,25.0,25.0,25.0,D:dota_replay/OG/20260310/,http://replay191.valve.net/570/8722516483_1437210708.dem.bz2,152.77500343322754,toDo,8722516483
26,26.0,26.0,26.0,D:dota_replay/OG/20260308/,http://replay193.valve.net/570/8720945912_1479720353.dem.bz2,161.86473655700684,toDo,8720945912
27,27.0,27.0,27.0,D:dota_replay/OG/20260308/,http://replay192.valve.net/570/8720834598_1236944387.dem.bz2,120.62089252471924,toDo,8720834598
28,28.0,28.0,28.0,D:dota_replay/OG/20260307/,http://replay191.valve.net/570/8719172949_1607602310.dem.bz2,124.87679958343506,toDo,8719172949
29,29.0,29.0,29.0,D:dota_replay/OG/20260307/,http://replay191.valve.net/570/8719103631_850156508.dem.bz2,76.79299259185791,toDo,8719103631
30,30.0,30.0,30.0,D:dota_replay/OG/20260307/,http://replay193.valve.net/570/8719042091_1577119093.dem.bz2,69.06635093688965,toDo,8719042091
31,31.0,31.0,31.0,D:dota_replay/OG/20260221/,http://replay272.valve.net/570/8698996024_2043394375.dem.bz2,133.55106925964355,toDo,8698996024
32,32.0,32.0,32.0,D:dota_replay/OG/20260221/,http://replay273.valve.net/570/8698904895_64137031.dem.bz2,88.6080436706543,toDo,8698904895
33,33.0,33.0,33.0,D:dota_replay/OG/20260221/,http://replay274.valve.net/570/8698782516_978733810.dem.bz2,111.97383308410645,toDo,8698782516
34,34.0,34.0,34.0,D:dota_replay/OG/20260220/,http://replay274.valve.net/570/8698436662_1969566585.dem.bz2,141.48670959472656,toDo,8698436662
35,35.0,35.0,35.0,D:dota_replay/OG/20260220/,http://replay274.valve.net/570/8698367105_1571149445.dem.bz2,83.12254428863525,toDo,8698367105
36,36.0,36.0,36.0,D:dota_replay/OG/20260220/,http://replay271.valve.net/570/8697564182_1990059098.dem.bz2,83.53524875640869,toDo,8697564182
37,37.0,37.0,37.0,D:dota_replay/OG/20260220/,http://replay274.valve.net/570/8697468814_920485332.dem.bz2,86.52179145812988,toDo,8697468814
38,38.0,38.0,38.0,D:dota_replay/OG/20260219/,http://replay274.valve.net/570/8697171723_1398833742.dem.bz2,99.37377452850342,toDo,8697171723
39,39.0,39.0,39.0,D:dota_replay/OG/20260219/,http://replay274.valve.net/570/8697096074_1187012814.dem.bz2,122.17711925506592,toDo,8697096074
40,40.0,40.0,40.0,D:dota_replay/OG/20260219/,http://replay271.valve.net/570/8696315160_1636166722.dem.bz2,109.23061752319336,toDo,8696315160
41,41.0,41.0,41.0,D:dota_replay/OG/20260219/,http://replay272.valve.net/570/8696218051_1165331336.dem.bz2,99.29262828826904,toDo,8696218051
42,42.0,42.0,42.0,D:dota_replay/OG/20260218/,http://replay274.valve.net/570/8695945509_936543872.dem.bz2,105.53678703308104,toDo,8695945509
43,43.0,43.0,43.0,D:dota_replay/OG/20260218/,http://replay274.valve.net/570/8695177931_1479958088.dem.bz2,70.21363544464111,toDo,8695177931
44,44.0,44.0,44.0,D:dota_replay/OG/20260218/,http://replay273.valve.net/570/8695096621_1833222820.dem.bz2,63.03367328643799,toDo,8695096621
45,45.0,45.0,45.0,D:dota_replay/OG/20260217/,http://replay273.valve.net/570/8694745868_364260925.dem.bz2,74.6936149597168,toDo,8694745868
46,46.0,46.0,46.0,D:dota_replay/OG/20260217/,http://replay273.valve.net/570/8694692688_1919568276.dem.bz2,83.4052619934082,toDo,8694692688
47,47.0,47.0,47.0,D:dota_replay/OG/20260214/,http://replay274.valve.net/570/8690871387_2122664227.dem.bz2,188.4952507019043,toDo,8690871387
48,48.0,48.0,48.0,D:dota_replay/OG/20260214/,http://replay271.valve.net/570/8690770904_919536198.dem.bz2,81.2341423034668,toDo,8690770904
49,49.0,49.0,49.0,D:dota_replay/OG/20260214/,http://replay273.valve.net/570/8690685211_1058800529.dem.bz2,50.21432685852051,toDo,8690685211
50,50.0,50.0,50.0,D:dota_replay/OG/20260206/,http://replay272.valve.net/570/8678917696_898601716.dem.bz2,82.64421844482422,toDo,8678917696
51,51.0,51.0,51.0,D:dota_replay/OG/20260205/,http://replay271.valve.net/570/8678580370_1162921639.dem.bz2,114.23685932159424,toDo,8678580370
52,52.0,52.0,52.0,D:dota_replay/OG/20260205/,http://replay272.valve.net/570/8678303787_867984264.dem.bz2,95.6677017211914,toDo,8678303787
53,53.0,53.0,53.0,D:dota_replay/OG/20260205/,http://replay271.valve.net/570/8677862485_1686572561.dem.bz2,167.30206298828125,toDo,8677862485
54,54.0,54.0,54.0,D:dota_replay/OG/20260205/,http://replay274.valve.net/570/8677673569_1521689104.dem.bz2,91.82533073425292,toDo,8677673569
55,55.0,55.0,55.0,D:dota_replay/OG/20260204/,http://replay274.valve.net/570/8677394706_1673048614.dem.bz2,91.49276828765868,toDo,8677394706
56,56.0,56.0,56.0,D:dota_replay/OG/20260204/,http://replay273.valve.net/570/8677172021_2005640108.dem.bz2,114.38774967193604,toDo,8677172021
57,57.0,57.0,57.0,D:dota_replay/OG/20260204/,http://replay272.valve.net/570/8676606186_112170318.dem.bz2,88.81450176239014,toDo,8676606186
58,58.0,58.0,58.0,D:dota_replay/OG/20260204/,http://replay274.valve.net/570/8676439835_95351342.dem.bz2,115.35569763183594,toDo,8676439835
59,59.0,59.0,59.0,D:dota_replay/OG/20260203/,http://replay274.valve.net/570/8676214148_1922198847.dem.bz2,70.0094347000122,toDo,8676214148
60,60.0,60.0,60.0,D:dota_replay/OG/20260203/,http://replay274.valve.net/570/8675882674_1862541242.dem.bz2,100.7471981048584,toDo,8675882674
