,Unnamed: 0.9,Unnamed: 0.8,Unnamed: 0.7,Unnamed: 0.6,Unnamed: 0.5,Unnamed: 0.4,Unnamed: 0.3,Unnamed: 0.2,Unnamed: 0.1,Unnamed: 0,replay_dir_path,replay_url,size,status,match_id
0,0.0,0.0,0.0,0.0,0.0,0.0,0.0,0.0,0.0,0.0,D:dota_replay/PARIVISION/20260421/,http://replay192.valve.net/570/8780454747_1895662945.dem.bz2,87.57246208190918,toDo,8780454747
1,1.0,1.0,1.0,1.0,1.0,1.0,1.0,1.0,1.0,1.0,D:dota_replay/PARIVISION/20260421/,http://replay193.valve.net/570/8780381253_152744954.dem.bz2,76.39758110046387,toDo,8780381253
2,2.0,2.0,2.0,2.0,2.0,2.0,2.0,2.0,2.0,2.0,D:dota_replay/PARIVISION/20260421/,http://replay193.valve.net/570/8780302268_1242254076.dem.bz2,110.46154403686523,toDo,8780302268
3,3.0,3.0,3.0,3.0,3.0,3.0,3.0,3.0,3.0,3.0,D:dota_replay/PARIVISION/20260421/,http://replay193.valve.net/570/8779581832_920550539.dem.bz2,148.69901943206787,toDo,8779581832
4,4.0,4.0,4.0,4.0,4.0,4.0,4.0,4.0,4.0,4.0,D:dota_replay/PARIVISION/20260421/,http://replay191.valve.net/570/8779478244_449031244.dem.bz2,151.35771465301514,toDo,8779478244
5,5.0,5.0,5.0,5.0,5.0,5.0,5.0,5.0,5.0,5.0,D:dota_replay/PARIVISION/20260420/,http://replay191.valve.net/570/8779372774_1902983849.dem.bz2,144.14122581481934,toDo,8779372774
6,6.0,6.0,6.0,6.0,6.0,6.0,6.0,6.0,6.0,6.0,D:dota_replay/PARIVISION/20260420/,http://replay191.valve.net/570/8778254726_326932885.dem.bz2,91.05946826934814,toDo,8778254726
7,7.0,7.0,7.0,7.0,7.0,7.0,7.0,7.0,7.0,7.0,D:dota_replay/PARIVISION/20260420/,http://replay193.valve.net/570/8778162915_908296339.dem.bz2,107.40434741973876,toDo,8778162915
8,8.0,8.0,8.0,8.0,8.0,8.0,8.0,8.0,8.0,8.0,D:dota_replay/PARIVISION/20260418/,http://replay191.valve.net/570/8776432038_1389634367.dem.bz2,129.7314968109131,toDo,8776432038
9,9.0,9.0,9.0,9.0,9.0,9.0,9.0,9.0,9.0,9.0,D:dota_replay/PARIVISION/20260418/,http://replay191.valve.net/570/8776345901_1868465304.dem.bz2,88.05796241760254,toDo,8776345901
10,10.0,10.0,10.0,10.0,10.0,10.0,10.0,10.0,10.0,10.0,D:dota_replay/PARIVISION/20260411/,http://replay272.valve.net/570/8767261875_819752317.dem.bz2,59.898414611816406,toDo,8767261875
11,11.0,11.0,11.0,11.0,11.0,11.0,11.0,11.0,11.0,11.0,D:dota_replay/PARIVISION/20260411/,http://replay272.valve.net/570/8767122402_1015200716.dem.bz2,82.21775341033936,toDo,8767122402
12,12.0,12.0,12.0,12.0,12.0,12.0,12.0,12.0,12.0,12.0,D:dota_replay/PARIVISION/20260411/,http://replay272.valve.net/570/8767039368_214367435.dem.bz2,34.98987865447998,toDo,8767039368
13,13.0,13.0,13.0,13.0,13.0,13.0,13.0,13.0,13.0,13.0,D:dota_replay/PARIVISION/20260411/,http://replay273.valve.net/570/8765867665_1635586596.dem.bz2,69.32218265533447,toDo,8765867665
14,14.0,14.0,14.0,14.0,14.0,14.0,14.0,14.0,14.0,14.0,D:dota_replay/PARIVISION/20260411/,http://replay272.valve.net/570/8765781391_486386515.dem.bz2,47.75708103179931,toDo,8765781391
15,15.0,15.0,15.0,15.0,15.0,15.0,15.0,15.0,15.0,15.0,D:dota_replay/PARIVISION/20260409/,http://replay273.valve.net/570/8764195216_1342014801.dem.bz2,59.09232711791992,toDo,8764195216
16,16.0,16.0,16.0,16.0,16.0,16.0,16.0,16.0,16.0,16.0,D:dota_replay/PARIVISION/20260409/,http://replay274.valve.net/570/8764127437_55741931.dem.bz2,46.00404739379883,toDo,8764127437
17,17.0,17.0,17.0,17.0,17.0,17.0,17.0,17.0,17.0,17.0,D:dota_replay/PARIVISION/20260408/,http://replay273.valve.net/570/8762725627_1637034090.dem.bz2,89.81111145019531,toDo,8762725627
18,18.0,18.0,18.0,18.0,18.0,18.0,18.0,18.0,18.0,18.0,D:dota_replay/PARIVISION/20260408/,http://replay271.valve.net/570/8762670913_983222438.dem.bz2,60.345306396484375,toDo,8762670913
19,19.0,19.0,19.0,19.0,19.0,19.0,19.0,19.0,19.0,19.0,D:dota_replay/PARIVISION/20260403/,http://replay273.valve.net/570/8755766042_1443793063.dem.bz2,117.10468292236328,toDo,8755766042
20,20.0,20.0,20.0,20.0,20.0,20.0,20.0,20.0,20.0,20.0,D:dota_replay/PARIVISION/20260403/,http://replay272.valve.net/570/8755676521_81277372.dem.bz2,84.64513492584229,toDo,8755676521
21,21.0,21.0,21.0,21.0,21.0,21.0,21.0,21.0,21.0,21.0,D:dota_replay/PARIVISION/20260402/,http://replay274.valve.net/570/8754582619_1767878337.dem.bz2,76.50160121917725,toDo,8754582619
22,22.0,22.0,22.0,22.0,22.0,22.0,22.0,22.0,22.0,22.0,D:dota_replay/PARIVISION/20260402/,http://replay273.valve.net/570/8754463676_1564655361.dem.bz2,94.16250038146973,toDo,8754463676
23,23.0,23.0,23.0,23.0,23.0,23.0,23.0,23.0,23.0,23.0,D:dota_replay/PARIVISION/20260329/,http://replay274.valve.net/570/8748176080_906124468.dem.bz2,104.36499786376952,toDo,8748176080
24,24.0,24.0,24.0,24.0,24.0,24.0,24.0,24.0,24.0,24.0,D:dota_replay/PARIVISION/20260329/,http://replay273.valve.net/570/8748080084_1925019849.dem.bz2,144.77765655517578,toDo,8748080084
25,25.0,25.0,25.0,25.0,25.0,25.0,25.0,25.0,25.0,25.0,D:dota_replay/PARIVISION/20260329/,http://replay273.valve.net/570/8748008577_1336734367.dem.bz2,77.14755916595459,toDo,8748008577
26,26.0,26.0,26.0,26.0,26.0,26.0,26.0,26.0,26.0,26.0,D:dota_replay/PARIVISION/20260328/,http://replay273.valve.net/570/8747486863_1209807817.dem.bz2,92.8524045944214,toDo,8747486863
27,27.0,27.0,27.0,27.0,27.0,27.0,27.0,27.0,27.0,27.0,D:dota_replay/PARIVISION/20260328/,http://replay272.valve.net/570/8747354565_486007222.dem.bz2,145.05935955047607,toDo,8747354565
28,28.0,28.0,28.0,28.0,28.0,28.0,28.0,28.0,28.0,28.0,D:dota_replay/PARIVISION/20260328/,http://replay273.valve.net/570/8746313247_2045023391.dem.bz2,100.99324798583984,toDo,8746313247
29,29.0,29.0,29.0,29.0,29.0,29.0,29.0,29.0,29.0,29.0,D:dota_replay/PARIVISION/20260328/,http://replay271.valve.net/570/8746216605_42663883.dem.bz2,105.34774208068848,toDo,8746216605
30,30.0,30.0,30.0,30.0,30.0,30.0,30.0,30.0,30.0,30.0,D:dota_replay/PARIVISION/20260326/,http://replay271.valve.net/570/8743783853_2102916426.dem.bz2,146.61139965057373,toDo,8743783853
31,31.0,31.0,31.0,31.0,31.0,31.0,31.0,31.0,31.0,31.0,D:dota_replay/PARIVISION/20260326/,http://replay273.valve.net/570/8743688613_1563477832.dem.bz2,131.79469680786133,toDo,8743688613
32,32.0,32.0,32.0,32.0,32.0,32.0,32.0,32.0,32.0,32.0,D:dota_replay/PARIVISION/20260325/,http://replay274.valve.net/570/8743236667_1421421607.dem.bz2,123.63954067230225,toDo,8743236667
33,33.0,33.0,33.0,33.0,33.0,33.0,33.0,33.0,33.0,33.0,D:dota_replay/PARIVISION/20260325/,http://replay271.valve.net/570/8743150168_1221254751.dem.bz2,89.40449047088623,toDo,8743150168
34,34.0,34.0,34.0,34.0,34.0,34.0,34.0,34.0,34.0,34.0,D:dota_replay/PARIVISION/20260324/,http://replay274.valve.net/570/8742136025_1516875954.dem.bz2,106.09569549560548,toDo,8742136025
35,35.0,35.0,35.0,35.0,35.0,35.0,35.0,35.0,35.0,35.0,D:dota_replay/PARIVISION/20260324/,http://replay271.valve.net/570/8742051677_2081027427.dem.bz2,86.73953247070312,toDo,8742051677
36,36.0,36.0,36.0,36.0,36.0,36.0,36.0,36.0,36.0,36.0,D:dota_replay/PARIVISION/20260324/,http://replay272.valve.net/570/8741914801_1040500049.dem.bz2,53.091854095458984,toDo,8741914801
37,37.0,37.0,37.0,37.0,37.0,37.0,37.0,37.0,37.0,37.0,D:dota_replay/PARIVISION/20260324/,http://replay273.valve.net/570/8741845584_1730560487.dem.bz2,43.384273529052734,toDo,8741845584
38,38.0,38.0,38.0,38.0,38.0,38.0,38.0,38.0,38.0,38.0,D:dota_replay/PARIVISION/20260324/,http://replay273.valve.net/570/8740966610_1237450814.dem.bz2,113.24322891235352,toDo,8740966610
39,39.0,39.0,39.0,39.0,39.0,39.0,39.0,39.0,39.0,39.0,D:dota_replay/PARIVISION/20260323/,http://replay271.valve.net/570/8740872359_18903485.dem.bz2,109.78139114379884,toDo,8740872359
40,40.0,40.0,40.0,40.0,40.0,40.0,40.0,40.0,40.0,40.0,D:dota_replay/PARIVISION/20260323/,http://replay272.valve.net/570/8740744491_428428623.dem.bz2,140.6415958404541,toDo,8740744491
41,41.0,41.0,41.0,41.0,41.0,41.0,41.0,41.0,41.0,41.0,D:dota_replay/PARIVISION/20260323/,http://replay271.valve.net/570/8740634671_1671054172.dem.bz2,160.7101526260376,toDo,8740634671
42,42.0,42.0,42.0,42.0,42.0,42.0,42.0,42.0,42.0,42.0,D:dota_replay/PARIVISION/20260323/,http://replay271.valve.net/570/8739725793_794015666.dem.bz2,133.4393768310547,toDo,8739725793
43,43.0,43.0,43.0,43.0,43.0,43.0,43.0,43.0,43.0,43.0,D:dota_replay/PARIVISION/20260322/,http://replay272.valve.net/570/8739610783_1590515710.dem.bz2,143.03174591064453,toDo,8739610783
44,44.0,44.0,44.0,44.0,44.0,44.0,44.0,44.0,44.0,44.0,D:dota_replay/PARIVISION/20260322/,http://replay273.valve.net/570/8739448492_2079786501.dem.bz2,89.25146484375,toDo,8739448492
45,45.0,45.0,45.0,45.0,45.0,45.0,45.0,45.0,45.0,45.0,D:dota_replay/PARIVISION/20260322/,http://replay273.valve.net/570/8739322940_625220186.dem.bz2,152.39519882202148,toDo,8739322940
46,46.0,46.0,46.0,46.0,46.0,46.0,46.0,46.0,46.0,46.0,D:dota_replay/PARIVISION/20260312/,http://replay191.valve.net/570/8724909631_327483747.dem.bz2,129.69342803955078,toDo,8724909631
47,47.0,47.0,47.0,47.0,47.0,47.0,47.0,47.0,47.0,47.0,D:dota_replay/PARIVISION/20260311/,http://replay192.valve.net/570/8724788453_1142767067.dem.bz2,153.0154275894165,toDo,8724788453
48,48.0,48.0,48.0,48.0,48.0,48.0,48.0,48.0,48.0,48.0,D:dota_replay/PARIVISION/20260311/,http://replay193.valve.net/570/8724677097_634888285.dem.bz2,137.28778171539307,toDo,8724677097
49,49.0,49.0,49.0,49.0,49.0,49.0,49.0,49.0,49.0,49.0,D:dota_replay/PARIVISION/20260310/,http://replay193.valve.net/570/8723300566_800079572.dem.bz2,141.0599021911621,toDo,8723300566
50,50.0,50.0,50.0,50.0,50.0,50.0,50.0,50.0,50.0,50.0,D:dota_replay/PARIVISION/20260310/,http://replay193.valve.net/570/8723248847_2030723868.dem.bz2,120.2999792098999,toDo,8723248847
51,51.0,51.0,51.0,51.0,51.0,51.0,51.0,51.0,51.0,51.0,D:dota_replay/PARIVISION/20260310/,http://replay193.valve.net/570/8723196309_588286564.dem.bz2,135.5076560974121,toDo,8723196309
52,52.0,52.0,52.0,52.0,52.0,52.0,52.0,52.0,52.0,52.0,D:dota_replay/PARIVISION/20260310/,http://replay191.valve.net/570/8722527581_1862152230.dem.bz2,122.1165075302124,toDo,8722527581
53,53.0,53.0,53.0,53.0,53.0,53.0,53.0,53.0,53.0,53.0,D:dota_replay/PARIVISION/20260309/,http://replay271.valve.net/570/8722402149_830342729.dem.bz2,159.5593328475952,toDo,8722402149
54,54.0,54.0,54.0,54.0,54.0,54.0,54.0,54.0,54.0,54.0,D:dota_replay/PARIVISION/20260309/,http://replay191.valve.net/570/8721141561_1474792452.dem.bz2,122.25837707519533,toDo,8721141561
55,55.0,55.0,55.0,55.0,55.0,55.0,55.0,55.0,55.0,55.0,D:dota_replay/PARIVISION/20260308/,http://replay193.valve.net/570/8720994008_1636558972.dem.bz2,199.65906238555908,toDo,8720994008
56,56.0,56.0,56.0,56.0,56.0,56.0,56.0,56.0,56.0,56.0,D:dota_replay/PARIVISION/20260307/,http://replay192.valve.net/570/8719115659_2086805634.dem.bz2,155.9911127090454,toDo,8719115659
57,57.0,57.0,57.0,57.0,57.0,57.0,57.0,57.0,57.0,57.0,D:dota_replay/PARIVISION/20260307/,http://replay193.valve.net/570/8719042141_1637951864.dem.bz2,116.09654998779295,toDo,8719042141
58,58.0,58.0,58.0,58.0,58.0,58.0,58.0,58.0,58.0,58.0,D:dota_replay/PARIVISION/20260227/,http://replay273.valve.net/570/8708690141_1650866460.dem.bz2,98.00712871551514,toDo,8708690141
59,59.0,59.0,59.0,59.0,59.0,59.0,59.0,59.0,59.0,59.0,D:dota_replay/PARIVISION/20260227/,http://replay273.valve.net/570/8708565430_1513554407.dem.bz2,75.85433101654053,toDo,8708565430
60,60.0,60.0,60.0,60.0,60.0,60.0,60.0,60.0,60.0,60.0,D:dota_replay/PARIVISION/20260227/,http://replay273.valve.net/570/8707906607_1803291613.dem.bz2,116.9034662246704,toDo,8707906607
61,61.0,61.0,61.0,61.0,61.0,61.0,61.0,61.0,61.0,61.0,D:dota_replay/PARIVISION/20260227/,http://replay274.valve.net/570/8707867898_2114425365.dem.bz2,114.87992477416992,toDo,8707867898
62,62.0,62.0,62.0,62.0,62.0,62.0,62.0,62.0,62.0,62.0,D:dota_replay/PARIVISION/20260227/,http://replay273.valve.net/570/8707822522_716934968.dem.bz2,100.8440580368042,toDo,8707822522
63,63.0,63.0,63.0,63.0,63.0,63.0,63.0,63.0,63.0,63.0,D:dota_replay/PARIVISION/20260226/,http://replay274.valve.net/570/8706217180_196020227.dem.bz2,81.18631553649902,toDo,8706217180
64,64.0,64.0,64.0,64.0,64.0,64.0,64.0,64.0,64.0,64.0,D:dota_replay/PARIVISION/20260225/,http://replay274.valve.net/570/8706108597_1091384362.dem.bz2,114.69723320007324,toDo,8706108597
65,65.0,65.0,65.0,65.0,65.0,65.0,65.0,65.0,65.0,65.0,D:dota_replay/PARIVISION/20260225/,http://replay273.valve.net/570/8705985032_1217116251.dem.bz2,125.18651103973389,toDo,8705985032
66,66.0,66.0,66.0,66.0,66.0,66.0,66.0,66.0,66.0,66.0,D:dota_replay/PARIVISION/20260224/,http://replay272.valve.net/570/8704809958_1902645505.dem.bz2,61.37797164916992,toDo,8704809958
67,67.0,67.0,67.0,67.0,67.0,67.0,67.0,67.0,67.0,67.0,D:dota_replay/PARIVISION/20260224/,http://replay273.valve.net/570/8704672982_1431384168.dem.bz2,136.24570560455322,toDo,8704672982
68,68.0,68.0,68.0,68.0,68.0,68.0,68.0,68.0,68.0,68.0,D:dota_replay/PARIVISION/20260224/,http://replay271.valve.net/570/8704584247_206846529.dem.bz2,58.87710666656494,toDo,8704584247
69,69.0,69.0,69.0,69.0,69.0,69.0,69.0,69.0,69.0,69.0,D:dota_replay/PARIVISION/20260223/,http://replay272.valve.net/570/8703354577_1826353795.dem.bz2,73.65805912017822,toDo,8703354577
70,70.0,70.0,70.0,70.0,70.0,70.0,70.0,70.0,70.0,70.0,D:dota_replay/PARIVISION/20260223/,http://replay273.valve.net/570/8703243107_1478936252.dem.bz2,82.61280155181885,toDo,8703243107
71,71.0,71.0,71.0,71.0,71.0,71.0,71.0,71.0,71.0,71.0,D:dota_replay/PARIVISION/20260222/,http://replay274.valve.net/570/8701817219_46116785.dem.bz2,103.64127254486084,toDo,8701817219
72,72.0,72.0,72.0,72.0,72.0,72.0,72.0,72.0,72.0,72.0,D:dota_replay/PARIVISION/20260222/,http://replay271.valve.net/570/8701666212_349216660.dem.bz2,123.3961820602417,toDo,8701666212
73,73.0,73.0,73.0,73.0,73.0,73.0,73.0,73.0,73.0,73.0,D:dota_replay/PARIVISION/20260222/,http://replay273.valve.net/570/8700519354_256609853.dem.bz2,104.3244333267212,toDo,8700519354
74,74.0,74.0,74.0,74.0,74.0,74.0,74.0,74.0,74.0,74.0,D:dota_replay/PARIVISION/20260222/,http://replay274.valve.net/570/8700405044_1691657578.dem.bz2,103.24314403533936,toDo,8700405044
75,75.0,75.0,75.0,75.0,75.0,75.0,75.0,75.0,75.0,75.0,D:dota_replay/PARIVISION/20260220/,http://replay274.valve.net/570/8698428156_1381271442.dem.bz2,44.74134159088135,toDo,8698428156
76,76.0,76.0,76.0,76.0,76.0,76.0,76.0,76.0,76.0,76.0,D:dota_replay/PARIVISION/20260220/,http://replay274.valve.net/570/8698367627_1496341864.dem.bz2,43.726301193237305,toDo,8698367627
77,77.0,77.0,77.0,77.0,77.0,77.0,77.0,77.0,77.0,77.0,D:dota_replay/PARIVISION/20260220/,http://replay274.valve.net/570/8697576851_551396498.dem.bz2,119.6432809829712,toDo,8697576851
78,78.0,78.0,78.0,78.0,78.0,78.0,78.0,78.0,78.0,78.0,D:dota_replay/PARIVISION/20260220/,http://replay272.valve.net/570/8697483686_1277732764.dem.bz2,110.46696186065674,toDo,8697483686
79,79.0,79.0,79.0,79.0,79.0,79.0,79.0,79.0,79.0,79.0,D:dota_replay/PARIVISION/20260219/,http://replay272.valve.net/570/8697154213_84895507.dem.bz2,94.89259433746338,toDo,8697154213
80,80.0,80.0,80.0,80.0,80.0,80.0,80.0,80.0,80.0,80.0,D:dota_replay/PARIVISION/20260219/,http://replay272.valve.net/570/8697090294_778590204.dem.bz2,74.21468544006348,toDo,8697090294
81,81.0,81.0,81.0,81.0,81.0,81.0,81.0,81.0,81.0,81.0,D:dota_replay/PARIVISION/20260219/,http://replay271.valve.net/570/8696315160_1636166722.dem.bz2,109.23061752319336,toDo,8696315160
82,82.0,82.0,82.0,82.0,82.0,82.0,82.0,82.0,82.0,82.0,D:dota_replay/PARIVISION/20260219/,http://replay272.valve.net/570/8696218051_1165331336.dem.bz2,99.29262828826904,toDo,8696218051
83,83.0,83.0,83.0,83.0,83.0,83.0,83.0,83.0,83.0,83.0,D:dota_replay/PARIVISION/20260218/,http://replay273.valve.net/570/8695931537_1976991572.dem.bz2,106.2557249069214,toDo,8695931537
84,84.0,84.0,84.0,84.0,84.0,84.0,84.0,84.0,84.0,84.0,D:dota_replay/PARIVISION/20260218/,http://replay272.valve.net/570/8695864051_182965296.dem.bz2,105.0327091217041,toDo,8695864051
85,85.0,85.0,85.0,85.0,85.0,85.0,85.0,85.0,85.0,85.0,D:dota_replay/PARIVISION/20260218/,http://replay272.valve.net/570/8695145808_1024646009.dem.bz2,128.42246532440186,toDo,8695145808
86,86.0,86.0,86.0,86.0,86.0,86.0,86.0,86.0,86.0,86.0,D:dota_replay/PARIVISION/20260218/,http://replay273.valve.net/570/8695029034_2058702257.dem.bz2,179.19851112365723,toDo,8695029034
87,87.0,87.0,87.0,87.0,87.0,87.0,87.0,87.0,87.0,87.0,D:dota_replay/PARIVISION/20260216/,http://replay274.valve.net/570/8693417171_1995734693.dem.bz2,89.6504020690918,toDo,8693417171
88,88.0,88.0,88.0,88.0,88.0,88.0,88.0,88.0,88.0,88.0,D:dota_replay/PARIVISION/20260216/,http://replay271.valve.net/570/8693354840_1765813862.dem.bz2,94.1777410507202,toDo,8693354840
89,89.0,89.0,89.0,89.0,89.0,89.0,89.0,89.0,89.0,,D:dota_replay/PARIVISION/20260425/,http://replay192.valve.net/570/8785317017_41151058.dem.bz2,130.9265832901001,toDo,8785317017
90,90.0,90.0,90.0,90.0,90.0,90.0,90.0,90.0,90.0,,D:dota_replay/PARIVISION/20260425/,http://replay191.valve.net/570/8785243904_559081999.dem.bz2,144.1299705505371,toDo,8785243904
91,91.0,91.0,91.0,91.0,91.0,91.0,91.0,91.0,91.0,,D:dota_replay/PARIVISION/20260424/,http://replay191.valve.net/570/8784373796_587262853.dem.bz2,161.24171257019043,toDo,8784373796
92,92.0,92.0,92.0,92.0,92.0,92.0,92.0,92.0,92.0,,D:dota_replay/PARIVISION/20260424/,http://replay193.valve.net/570/8784255815_150287688.dem.bz2,133.66403102874756,toDo,8784255815
93,93.0,93.0,93.0,93.0,93.0,93.0,93.0,93.0,93.0,,D:dota_replay/PARIVISION/20260424/,http://replay193.valve.net/570/8784176993_1793287243.dem.bz2,84.39549922943115,toDo,8784176993
94,94.0,94.0,94.0,94.0,94.0,94.0,94.0,94.0,94.0,,D:dota_replay/PARIVISION/20260423/,http://replay193.valve.net/570/8782625329_372764944.dem.bz2,107.25704383850098,toDo,8782625329
95,95.0,95.0,95.0,95.0,95.0,95.0,95.0,95.0,95.0,,D:dota_replay/PARIVISION/20260423/,http://replay192.valve.net/570/8782581053_487584968.dem.bz2,122.20526790618896,toDo,8782581053
96,96.0,96.0,96.0,96.0,96.0,96.0,96.0,96.0,96.0,,D:dota_replay/PARIVISION/20260423/,http://replay192.valve.net/570/8782527726_1011668282.dem.bz2,136.93415451049805,toDo,8782527726
97,97.0,97.0,97.0,97.0,97.0,97.0,,,,,D:dota_replay/PARIVISION/20260511/,http://replay273.valve.net/570/8805862156_775592420.dem.bz2,61.35917568206787,toDo,8805862156
98,98.0,98.0,98.0,98.0,98.0,98.0,,,,,D:dota_replay/PARIVISION/20260510/,http://replay271.valve.net/570/8805773858_2043861472.dem.bz2,53.540042877197266,toDo,8805773858
99,99.0,99.0,99.0,99.0,99.0,99.0,,,,,D:dota_replay/PARIVISION/20260510/,http://replay273.valve.net/570/8804593771_858435801.dem.bz2,56.309682846069336,toDo,8804593771
100,100.0,100.0,100.0,100.0,100.0,100.0,,,,,D:dota_replay/PARIVISION/20260510/,http://replay272.valve.net/570/8804529019_144490572.dem.bz2,40.28302478790283,toDo,8804529019
101,101.0,101.0,101.0,101.0,101.0,101.0,,,,,D:dota_replay/PARIVISION/20260510/,http://replay271.valve.net/570/8804425449_144022632.dem.bz2,83.99790287017822,toDo,8804425449
102,102.0,102.0,102.0,102.0,102.0,102.0,,,,,D:dota_replay/PARIVISION/20260509/,http://replay272.valve.net/570/8803167635_1000148185.dem.bz2,67.18920421600342,toDo,8803167635
103,103.0,103.0,103.0,103.0,103.0,103.0,,,,,D:dota_replay/PARIVISION/20260509/,http://replay272.valve.net/570/8803088532_1380245427.dem.bz2,55.15040016174317,toDo,8803088532
104,,,,,,,,,,,dota_replay/PARIVISION/20260514/,http://replay274.valve.net/570/8809600367_332929692.dem.bz2,118.61224460601807,toDo,8809600367
105,,,,,,,,,,,dota_replay/PARIVISION/20260513/,http://replay274.valve.net/570/8809504168_777574777.dem.bz2,117.29790210723877,toDo,8809504168
106,,,,,,,,,,,dota_replay/PARIVISION/20260513/,http://replay272.valve.net/570/8809412954_583302476.dem.bz2,91.9035415649414,toDo,8809412954
107,,,,,,,,,,,dota_replay/PARIVISION/20260512/,http://replay273.valve.net/570/8807232081_182569516.dem.bz2,44.633798599243164,toDo,8807232081
108,,,,,,,,,,,dota_replay/PARIVISION/20260512/,http://replay273.valve.net/570/8807150359_1046663086.dem.bz2,46.152814865112305,toDo,8807150359
109,,,,,,,,,,,dota_replay/PARIVISION/20260511/,http://replay274.valve.net/570/8807061841_742393408.dem.bz2,60.79768180847168,toDo,8807061841
