,Unnamed: 0.5,Unnamed: 0.4,Unnamed: 0.3,Unnamed: 0.2,Unnamed: 0.1,Unnamed: 0,replay_dir_path,replay_url,size,status,match_id
0,0.0,0.0,0.0,0.0,0.0,0.0,D:dota_replay/Team Liquid/20260421/,http://replay193.valve.net/570/8780111494_1026704580.dem.bz2,103.9581069946289,toDo,8780111494
1,1.0,1.0,1.0,1.0,1.0,1.0,D:dota_replay/Team Liquid/20260421/,http://replay191.valve.net/570/8780072726_813126532.dem.bz2,96.11934280395508,toDo,8780072726
2,2.0,2.0,2.0,2.0,2.0,2.0,D:dota_replay/Team Liquid/20260420/,http://replay193.valve.net/570/8778960929_519023598.dem.bz2,59.44625282287598,toDo,8778960929
3,3.0,3.0,3.0,3.0,3.0,3.0,D:dota_replay/Team Liquid/20260420/,http://replay192.valve.net/570/8778912772_486443434.dem.bz2,93.69306564331056,toDo,8778912772
4,4.0,4.0,4.0,4.0,4.0,4.0,D:dota_replay/Team Liquid/20260420/,http://replay192.valve.net/570/8778849893_1864016028.dem.bz2,141.27175903320312,toDo,8778849893
5,5.0,5.0,5.0,5.0,5.0,5.0,D:dota_replay/Team Liquid/20260419/,http://replay192.valve.net/570/8777714725_366454928.dem.bz2,86.11047649383545,toDo,8777714725
6,6.0,6.0,6.0,6.0,6.0,6.0,D:dota_replay/Team Liquid/20260419/,http://replay191.valve.net/570/8777630244_1130864705.dem.bz2,119.70145988464355,toDo,8777630244
7,7.0,7.0,7.0,7.0,7.0,7.0,D:dota_replay/Team Liquid/20260418/,http://replay191.valve.net/570/8776236178_1637144210.dem.bz2,130.82929515838623,toDo,8776236178
8,8.0,8.0,8.0,8.0,8.0,8.0,D:dota_replay/Team Liquid/20260418/,http://replay193.valve.net/570/8776157596_832146265.dem.bz2,113.2708330154419,toDo,8776157596
9,9.0,9.0,9.0,9.0,9.0,9.0,D:dota_replay/Team Liquid/20260418/,http://replay191.valve.net/570/8776077999_1499747594.dem.bz2,132.6670684814453,toDo,8776077999
10,10.0,10.0,10.0,10.0,10.0,10.0,D:dota_replay/Team Liquid/20260415/,http://replay272.valve.net/570/8771613554_1027651381.dem.bz2,85.11757183074951,toDo,8771613554
11,11.0,11.0,11.0,11.0,11.0,11.0,D:dota_replay/Team Liquid/20260414/,http://replay274.valve.net/570/8771519532_229687728.dem.bz2,82.69804191589355,toDo,8771519532
12,12.0,12.0,12.0,12.0,12.0,12.0,D:dota_replay/Team Liquid/20260414/,http://replay272.valve.net/570/8771377141_146402035.dem.bz2,135.6797170639038,toDo,8771377141
13,13.0,13.0,13.0,13.0,13.0,13.0,D:dota_replay/Team Liquid/20260414/,http://replay272.valve.net/570/8771159660_440276979.dem.bz2,81.97893333435059,toDo,8771159660
14,14.0,14.0,14.0,14.0,14.0,14.0,D:dota_replay/Team Liquid/20260414/,http://replay274.valve.net/570/8771090406_1566793077.dem.bz2,99.01837730407716,toDo,8771090406
15,15.0,15.0,15.0,15.0,15.0,15.0,D:dota_replay/Team Liquid/20260413/,http://replay273.valve.net/570/8769321570_1391546918.dem.bz2,66.07854557037354,toDo,8769321570
16,16.0,16.0,16.0,16.0,16.0,16.0,D:dota_replay/Team Liquid/20260413/,http://replay272.valve.net/570/8769245008_346450051.dem.bz2,89.25780773162842,toDo,8769245008
17,17.0,17.0,17.0,17.0,17.0,17.0,D:dota_replay/Team Liquid/20260413/,http://replay274.valve.net/570/8769132568_1957157260.dem.bz2,110.1528434753418,toDo,8769132568
18,18.0,18.0,18.0,18.0,18.0,18.0,D:dota_replay/Team Liquid/20260412/,http://replay274.valve.net/570/8768416436_1642273628.dem.bz2,57.81679153442383,toDo,8768416436
19,19.0,19.0,19.0,19.0,19.0,19.0,D:dota_replay/Team Liquid/20260410/,http://replay274.valve.net/570/8765407551_1782391235.dem.bz2,56.020724296569824,toDo,8765407551
20,20.0,20.0,20.0,20.0,20.0,20.0,D:dota_replay/Team Liquid/20260410/,http://replay272.valve.net/570/8765317021_496290577.dem.bz2,87.12511920928955,toDo,8765317021
21,21.0,21.0,21.0,21.0,21.0,21.0,D:dota_replay/Team Liquid/20260410/,http://replay271.valve.net/570/8765260718_1821739053.dem.bz2,71.94082450866699,toDo,8765260718
22,22.0,22.0,22.0,22.0,22.0,22.0,D:dota_replay/Team Liquid/20260410/,http://replay271.valve.net/570/8764502762_1268711138.dem.bz2,65.88836479187012,toDo,8764502762
23,23.0,23.0,23.0,23.0,23.0,23.0,D:dota_replay/Team Liquid/20260409/,http://replay274.valve.net/570/8764351266_804925143.dem.bz2,65.88135242462158,toDo,8764351266
24,24.0,24.0,24.0,24.0,24.0,24.0,D:dota_replay/Team Liquid/20260409/,http://replay272.valve.net/570/8763313524_1494271224.dem.bz2,57.07277011871338,toDo,8763313524
25,25.0,25.0,25.0,25.0,25.0,25.0,D:dota_replay/Team Liquid/20260409/,http://replay274.valve.net/570/8763238308_388931743.dem.bz2,46.89730167388916,toDo,8763238308
26,26.0,26.0,26.0,26.0,26.0,26.0,D:dota_replay/Team Liquid/20260408/,http://replay273.valve.net/570/8763120187_988660815.dem.bz2,78.49960041046143,toDo,8763120187
27,27.0,27.0,27.0,27.0,27.0,27.0,D:dota_replay/Team Liquid/20260316/,http://replay191.valve.net/570/8730786393_126439567.dem.bz2,157.9667730331421,toDo,8730786393
28,28.0,28.0,28.0,28.0,28.0,28.0,D:dota_replay/Team Liquid/20260316/,http://replay191.valve.net/570/8730713168_1242639385.dem.bz2,99.77128410339355,toDo,8730713168
29,29.0,29.0,29.0,29.0,29.0,29.0,D:dota_replay/Team Liquid/20260316/,http://replay192.valve.net/570/8730561637_2040383137.dem.bz2,197.76492595672607,toDo,8730561637
30,30.0,30.0,30.0,30.0,30.0,30.0,D:dota_replay/Team Liquid/20260316/,http://replay193.valve.net/570/8730464256_1243725755.dem.bz2,111.90780353546144,toDo,8730464256
31,31.0,31.0,31.0,31.0,31.0,31.0,D:dota_replay/Team Liquid/20260315/,http://replay191.valve.net/570/8730359353_1454906547.dem.bz2,109.27036762237547,toDo,8730359353
32,32.0,32.0,32.0,32.0,32.0,32.0,D:dota_replay/Team Liquid/20260315/,http://replay192.valve.net/570/8730121026_975448075.dem.bz2,178.15365314483645,toDo,8730121026
33,33.0,33.0,33.0,33.0,33.0,33.0,D:dota_replay/Team Liquid/20260315/,http://replay193.valve.net/570/8729970931_2086472400.dem.bz2,234.3847312927246,toDo,8729970931
34,34.0,34.0,34.0,34.0,34.0,34.0,D:dota_replay/Team Liquid/20260315/,http://replay191.valve.net/570/8729846134_1227748080.dem.bz2,201.96782302856445,toDo,8729846134
35,35.0,35.0,35.0,35.0,35.0,35.0,D:dota_replay/Team Liquid/20260315/,http://replay191.valve.net/570/8729115809_382657624.dem.bz2,95.47292232513428,toDo,8729115809
36,36.0,36.0,36.0,36.0,36.0,36.0,D:dota_replay/Team Liquid/20260315/,http://replay191.valve.net/570/8729016192_850788549.dem.bz2,119.96657180786131,toDo,8729016192
37,37.0,37.0,37.0,37.0,37.0,37.0,D:dota_replay/Team Liquid/20260315/,http://replay191.valve.net/570/8728917217_756438830.dem.bz2,114.43311500549316,toDo,8728917217
38,38.0,38.0,38.0,38.0,38.0,38.0,D:dota_replay/Team Liquid/20260314/,http://replay191.valve.net/570/8728480115_787740528.dem.bz2,217.5363540649414,toDo,8728480115
39,39.0,39.0,39.0,39.0,39.0,39.0,D:dota_replay/Team Liquid/20260314/,http://replay193.valve.net/570/8728374991_1144791393.dem.bz2,154.50883293151855,toDo,8728374991
40,40.0,40.0,40.0,40.0,40.0,40.0,D:dota_replay/Team Liquid/20260314/,http://replay192.valve.net/570/8727651209_1100950726.dem.bz2,131.20531177520752,toDo,8727651209
41,41.0,41.0,41.0,41.0,41.0,41.0,D:dota_replay/Team Liquid/20260314/,http://replay192.valve.net/570/8727561000_854490882.dem.bz2,106.7286548614502,toDo,8727561000
42,42.0,42.0,42.0,42.0,42.0,42.0,D:dota_replay/Team Liquid/20260313/,http://replay191.valve.net/570/8726310679_2130399923.dem.bz2,87.17487621307373,toDo,8726310679
43,43.0,43.0,43.0,43.0,43.0,43.0,D:dota_replay/Team Liquid/20260313/,http://replay192.valve.net/570/8726240884_629671565.dem.bz2,95.51632976531982,toDo,8726240884
44,44.0,44.0,44.0,44.0,44.0,44.0,D:dota_replay/Team Liquid/20260313/,http://replay193.valve.net/570/8726165528_582589307.dem.bz2,92.95725154876708,toDo,8726165528
45,45.0,45.0,45.0,45.0,45.0,45.0,D:dota_replay/Team Liquid/20260310/,http://replay191.valve.net/570/8722527581_1862152230.dem.bz2,122.1165075302124,toDo,8722527581
46,46.0,46.0,46.0,46.0,46.0,46.0,D:dota_replay/Team Liquid/20260309/,http://replay271.valve.net/570/8722402149_830342729.dem.bz2,159.5593328475952,toDo,8722402149
47,47.0,47.0,47.0,47.0,47.0,47.0,D:dota_replay/Team Liquid/20260308/,http://replay192.valve.net/570/8720609244_551478869.dem.bz2,110.61810874938963,toDo,8720609244
48,48.0,48.0,48.0,48.0,48.0,48.0,D:dota_replay/Team Liquid/20260308/,http://replay193.valve.net/570/8720526736_1075531336.dem.bz2,122.80967617034912,toDo,8720526736
49,49.0,49.0,49.0,49.0,49.0,49.0,D:dota_replay/Team Liquid/20260308/,http://replay192.valve.net/570/8719782706_337014753.dem.bz2,59.33480167388916,toDo,8719782706
50,50.0,50.0,50.0,50.0,50.0,50.0,D:dota_replay/Team Liquid/20260308/,http://replay191.valve.net/570/8719688162_1338730406.dem.bz2,77.90916061401367,toDo,8719688162
51,51.0,51.0,51.0,51.0,51.0,51.0,D:dota_replay/Team Liquid/20260307/,http://replay191.valve.net/570/8719592821_8035812.dem.bz2,82.14622020721436,toDo,8719592821
52,52.0,52.0,52.0,52.0,52.0,52.0,D:dota_replay/Team Liquid/20260301/,http://replay272.valve.net/570/8711578057_1111784183.dem.bz2,108.74870300292967,toDo,8711578057
53,53.0,53.0,53.0,53.0,53.0,53.0,D:dota_replay/Team Liquid/20260301/,http://replay273.valve.net/570/8711465051_1443567205.dem.bz2,104.93352890014648,toDo,8711465051
54,54.0,54.0,54.0,54.0,54.0,54.0,D:dota_replay/Team Liquid/20260301/,http://replay274.valve.net/570/8710481024_1541570147.dem.bz2,108.31480884552002,toDo,8710481024
55,55.0,55.0,55.0,55.0,55.0,55.0,D:dota_replay/Team Liquid/20260301/,http://replay273.valve.net/570/8710371476_1918566681.dem.bz2,122.7221736907959,toDo,8710371476
56,56.0,56.0,56.0,56.0,56.0,56.0,D:dota_replay/Team Liquid/20260227/,http://replay273.valve.net/570/8708443393_1957345605.dem.bz2,116.39864253997804,toDo,8708443393
57,57.0,57.0,57.0,57.0,57.0,57.0,D:dota_replay/Team Liquid/20260227/,http://replay272.valve.net/570/8708368779_370917515.dem.bz2,85.76936912536621,toDo,8708368779
58,58.0,58.0,58.0,58.0,58.0,58.0,D:dota_replay/Team Liquid/20260227/,http://replay272.valve.net/570/8708293887_1389369703.dem.bz2,129.3574924468994,toDo,8708293887
59,59.0,59.0,59.0,59.0,59.0,59.0,D:dota_replay/Team Liquid/20260227/,http://replay271.valve.net/570/8707467954_167177995.dem.bz2,88.29148864746094,toDo,8707467954
60,60.0,60.0,60.0,60.0,60.0,60.0,D:dota_replay/Team Liquid/20260226/,http://replay272.valve.net/570/8707360093_2074563085.dem.bz2,126.14154434204102,toDo,8707360093
61,61.0,61.0,61.0,61.0,61.0,61.0,D:dota_replay/Team Liquid/20260226/,http://replay272.valve.net/570/8707250597_177333871.dem.bz2,103.5973663330078,toDo,8707250597
62,62.0,62.0,62.0,62.0,62.0,62.0,D:dota_replay/Team Liquid/20260226/,http://replay274.valve.net/570/8706217180_196020227.dem.bz2,81.18631553649902,toDo,8706217180
63,63.0,63.0,63.0,63.0,63.0,63.0,D:dota_replay/Team Liquid/20260225/,http://replay274.valve.net/570/8706108597_1091384362.dem.bz2,114.69723320007324,toDo,8706108597
64,64.0,64.0,64.0,64.0,64.0,64.0,D:dota_replay/Team Liquid/20260225/,http://replay273.valve.net/570/8705985032_1217116251.dem.bz2,125.18651103973389,toDo,8705985032
65,65.0,65.0,65.0,65.0,65.0,65.0,D:dota_replay/Team Liquid/20260225/,http://replay271.valve.net/570/8705234350_1512131168.dem.bz2,91.12057971954346,toDo,8705234350
66,66.0,66.0,66.0,66.0,66.0,66.0,D:dota_replay/Team Liquid/20260225/,http://replay273.valve.net/570/8705170081_2071977558.dem.bz2,108.9484519958496,toDo,8705170081
67,67.0,67.0,67.0,67.0,67.0,67.0,D:dota_replay/Team Liquid/20260225/,http://replay273.valve.net/570/8705093983_1762646873.dem.bz2,87.67015552520752,toDo,8705093983
68,68.0,68.0,68.0,68.0,68.0,68.0,D:dota_replay/Team Liquid/20260224/,http://replay272.valve.net/570/8703862527_2045554553.dem.bz2,60.4337215423584,toDo,8703862527
69,69.0,69.0,69.0,69.0,69.0,69.0,D:dota_replay/Team Liquid/20260224/,http://replay274.valve.net/570/8703811606_1815876382.dem.bz2,52.23485088348389,toDo,8703811606
70,70.0,70.0,70.0,70.0,70.0,70.0,D:dota_replay/Team Liquid/20260223/,http://replay272.valve.net/570/8702081221_1348539696.dem.bz2,70.17558860778809,toDo,8702081221
71,71.0,71.0,71.0,71.0,71.0,71.0,D:dota_replay/Team Liquid/20260223/,http://replay271.valve.net/570/8701978003_5071471.dem.bz2,84.23191261291504,toDo,8701978003
72,72.0,72.0,72.0,72.0,72.0,72.0,D:dota_replay/Team Liquid/20260221/,http://replay273.valve.net/570/8699897894_133081780.dem.bz2,59.8064546585083,toDo,8699897894
73,73.0,73.0,73.0,73.0,73.0,73.0,D:dota_replay/Team Liquid/20260221/,http://replay272.valve.net/570/8699819713_585340605.dem.bz2,76.87385940551758,toDo,8699819713
74,74.0,74.0,74.0,74.0,74.0,74.0,D:dota_replay/Team Liquid/20260220/,http://replay272.valve.net/570/8698438568_624075311.dem.bz2,131.5393829345703,toDo,8698438568
75,75.0,75.0,75.0,75.0,75.0,75.0,D:dota_replay/Team Liquid/20260220/,http://replay273.valve.net/570/8698371110_1836357569.dem.bz2,99.22234058380128,toDo,8698371110
76,76.0,76.0,76.0,76.0,76.0,76.0,D:dota_replay/Team Liquid/20260220/,http://replay271.valve.net/570/8697564182_1990059098.dem.bz2,83.53524875640869,toDo,8697564182
77,77.0,77.0,77.0,77.0,77.0,77.0,D:dota_replay/Team Liquid/20260220/,http://replay274.valve.net/570/8697468814_920485332.dem.bz2,86.52179145812988,toDo,8697468814
78,78.0,78.0,78.0,78.0,78.0,78.0,D:dota_replay/Team Liquid/20260219/,http://replay273.valve.net/570/8697190420_1868003580.dem.bz2,72.37011909484863,toDo,8697190420
79,79.0,79.0,79.0,79.0,79.0,79.0,D:dota_replay/Team Liquid/20260219/,http://replay274.valve.net/570/8697089342_545381988.dem.bz2,127.43016719818117,toDo,8697089342
80,80.0,80.0,80.0,80.0,80.0,80.0,D:dota_replay/Team Liquid/20260219/,http://replay273.valve.net/570/8696317708_1890617986.dem.bz2,103.45747184753418,toDo,8696317708
81,81.0,81.0,81.0,81.0,81.0,81.0,D:dota_replay/Team Liquid/20260219/,http://replay272.valve.net/570/8696228605_510403556.dem.bz2,122.0954065322876,toDo,8696228605
82,82.0,82.0,82.0,82.0,82.0,82.0,D:dota_replay/Team Liquid/20260218/,http://replay273.valve.net/570/8695931537_1976991572.dem.bz2,106.2557249069214,toDo,8695931537
83,83.0,83.0,83.0,83.0,83.0,83.0,D:dota_replay/Team Liquid/20260218/,http://replay272.valve.net/570/8695864051_182965296.dem.bz2,105.0327091217041,toDo,8695864051
84,84.0,84.0,84.0,84.0,84.0,84.0,D:dota_replay/Team Liquid/20260218/,http://replay273.valve.net/570/8695126869_1227607920.dem.bz2,77.97200679779053,toDo,8695126869
85,85.0,85.0,85.0,85.0,85.0,85.0,D:dota_replay/Team Liquid/20260218/,http://replay274.valve.net/570/8695048813_1801268755.dem.bz2,61.96633243560791,toDo,8695048813
86,86.0,86.0,86.0,86.0,86.0,86.0,D:dota_replay/Team Liquid/20260217/,http://replay274.valve.net/570/8694763191_888268078.dem.bz2,119.52389430999756,toDo,8694763191
87,87.0,87.0,87.0,87.0,87.0,87.0,D:dota_replay/Team Liquid/20260217/,http://replay274.valve.net/570/8694627572_1673974512.dem.bz2,86.17826652526855,toDo,8694627572
88,88.0,88.0,88.0,88.0,88.0,88.0,D:dota_replay/Team Liquid/20260216/,http://replay274.valve.net/570/8692761931_1725077086.dem.bz2,66.50030612945557,toDo,8692761931
89,89.0,89.0,89.0,89.0,89.0,89.0,D:dota_replay/Team Liquid/20260216/,http://replay272.valve.net/570/8692691067_8902051.dem.bz2,71.36732006072998,toDo,8692691067
90,90.0,90.0,90.0,90.0,90.0,90.0,D:dota_replay/Team Liquid/20260216/,http://replay273.valve.net/570/8692497249_1197729790.dem.bz2,135.82354259490967,toDo,8692497249
91,91.0,91.0,91.0,91.0,91.0,91.0,D:dota_replay/Team Liquid/20260215/,http://replay272.valve.net/570/8692381181_1819217039.dem.bz2,71.90625190734863,toDo,8692381181
92,92.0,92.0,92.0,92.0,92.0,92.0,D:dota_replay/Team Liquid/20260214/,http://replay274.valve.net/570/8690871387_2122664227.dem.bz2,188.4952507019043,toDo,8690871387
93,93.0,93.0,93.0,93.0,93.0,93.0,D:dota_replay/Team Liquid/20260214/,http://replay271.valve.net/570/8690770904_919536198.dem.bz2,81.2341423034668,toDo,8690770904
94,94.0,94.0,94.0,94.0,94.0,94.0,D:dota_replay/Team Liquid/20260214/,http://replay273.valve.net/570/8690685211_1058800529.dem.bz2,50.21432685852051,toDo,8690685211
95,95.0,95.0,95.0,95.0,95.0,95.0,D:dota_replay/Team Liquid/20260214/,http://replay273.valve.net/570/8689716934_539726559.dem.bz2,79.52036476135254,toDo,8689716934
96,96.0,96.0,96.0,96.0,96.0,96.0,D:dota_replay/Team Liquid/20260214/,http://replay271.valve.net/570/8689610128_628467201.dem.bz2,87.70017337799072,toDo,8689610128
97,97.0,97.0,97.0,97.0,97.0,97.0,D:dota_replay/Team Liquid/20260213/,http://replay272.valve.net/570/8689505222_1605401264.dem.bz2,68.55976486206055,toDo,8689505222
98,98.0,98.0,98.0,98.0,98.0,98.0,D:dota_replay/Team Liquid/20260213/,http://replay271.valve.net/570/8689410743_643762405.dem.bz2,67.71774101257324,toDo,8689410743
99,99.0,99.0,99.0,99.0,99.0,99.0,D:dota_replay/Team Liquid/20260213/,http://replay272.valve.net/570/8689312274_433671247.dem.bz2,90.62508869171144,toDo,8689312274
100,100.0,100.0,100.0,100.0,100.0,100.0,D:dota_replay/Team Liquid/20260209/,http://replay272.valve.net/570/8683333901_1979976913.dem.bz2,102.09282112121582,toDo,8683333901
101,101.0,101.0,101.0,101.0,101.0,101.0,D:dota_replay/Team Liquid/20260209/,http://replay273.valve.net/570/8683239884_238049868.dem.bz2,77.5405969619751,toDo,8683239884
102,102.0,102.0,102.0,102.0,102.0,102.0,D:dota_replay/Team Liquid/20260206/,http://replay273.valve.net/570/8678941086_1742897719.dem.bz2,100.21004676818848,toDo,8678941086
103,103.0,103.0,103.0,103.0,103.0,103.0,D:dota_replay/Team Liquid/20260205/,http://replay273.valve.net/570/8678549217_1983803114.dem.bz2,59.04832077026367,toDo,8678549217
104,104.0,104.0,104.0,104.0,104.0,104.0,D:dota_replay/Team Liquid/20260205/,http://replay274.valve.net/570/8678352653_1460348936.dem.bz2,69.95926856994629,toDo,8678352653
105,105.0,105.0,105.0,105.0,105.0,105.0,D:dota_replay/Team Liquid/20260205/,http://replay273.valve.net/570/8677905488_1528803006.dem.bz2,96.55850791931152,toDo,8677905488
106,106.0,106.0,106.0,106.0,106.0,106.0,D:dota_replay/Team Liquid/20260205/,http://replay271.valve.net/570/8677667228_1016949287.dem.bz2,113.82187747955322,toDo,8677667228
107,107.0,107.0,107.0,107.0,107.0,107.0,D:dota_replay/Team Liquid/20260204/,http://replay274.valve.net/570/8677377717_939088201.dem.bz2,157.43907260894775,toDo,8677377717
108,108.0,108.0,108.0,108.0,108.0,108.0,D:dota_replay/Team Liquid/20260204/,http://replay274.valve.net/570/8677092883_780415164.dem.bz2,231.3560094833374,toDo,8677092883
109,109.0,109.0,109.0,109.0,109.0,109.0,D:dota_replay/Team Liquid/20260204/,http://replay272.valve.net/570/8676614175_1813698210.dem.bz2,60.80114269256592,toDo,8676614175
110,110.0,110.0,110.0,110.0,110.0,110.0,D:dota_replay/Team Liquid/20260204/,http://replay273.valve.net/570/8676333293_1624960184.dem.bz2,110.47807121276855,toDo,8676333293
111,111.0,111.0,111.0,111.0,111.0,111.0,D:dota_replay/Team Liquid/20260203/,http://replay273.valve.net/570/8676144334_1957518702.dem.bz2,90.83767223358154,toDo,8676144334
112,112.0,112.0,112.0,112.0,112.0,112.0,D:dota_replay/Team Liquid/20260203/,http://replay274.valve.net/570/8675882674_1862541242.dem.bz2,100.7471981048584,toDo,8675882674
113,113.0,113.0,113.0,113.0,113.0,113.0,D:dota_replay/Team Liquid/20260201/,http://replay272.valve.net/570/8672485604_12995468.dem.bz2,105.40220069885254,toDo,8672485604
114,114.0,114.0,114.0,114.0,114.0,114.0,D:dota_replay/Team Liquid/20260201/,http://replay272.valve.net/570/8672345104_216679718.dem.bz2,130.1017198562622,toDo,8672345104
115,115.0,115.0,115.0,115.0,115.0,,D:dota_replay/Team Liquid/20260426/,http://replay191.valve.net/570/8786127499_303816249.dem.bz2,215.14044666290283,toDo,8786127499
116,116.0,116.0,116.0,116.0,116.0,,D:dota_replay/Team Liquid/20260426/,http://replay193.valve.net/570/8786038067_712651116.dem.bz2,112.97174644470216,toDo,8786038067
117,117.0,117.0,117.0,117.0,117.0,,D:dota_replay/Team Liquid/20260426/,http://replay193.valve.net/570/8785918300_1356632895.dem.bz2,151.84160995483398,toDo,8785918300
118,118.0,118.0,118.0,118.0,118.0,,D:dota_replay/Team Liquid/20260425/,http://replay191.valve.net/570/8785463098_2146167626.dem.bz2,136.4660606384277,toDo,8785463098
119,119.0,119.0,119.0,119.0,119.0,,D:dota_replay/Team Liquid/20260425/,http://replay192.valve.net/570/8785399798_1265708159.dem.bz2,107.2803602218628,toDo,8785399798
120,120.0,120.0,120.0,120.0,120.0,,D:dota_replay/Team Liquid/20260425/,http://replay191.valve.net/570/8784700248_147138000.dem.bz2,117.12564659118652,toDo,8784700248
121,121.0,121.0,121.0,121.0,121.0,,D:dota_replay/Team Liquid/20260425/,http://replay191.valve.net/570/8784597508_1502319084.dem.bz2,132.1130828857422,toDo,8784597508
122,122.0,122.0,122.0,122.0,122.0,,D:dota_replay/Team Liquid/20260425/,http://replay192.valve.net/570/8784508335_1731032226.dem.bz2,100.63470554351808,toDo,8784508335
123,123.0,123.0,123.0,123.0,123.0,,D:dota_replay/Team Liquid/20260423/,http://replay191.valve.net/570/8783006717_251285006.dem.bz2,111.09220504760742,toDo,8783006717
124,124.0,124.0,124.0,124.0,124.0,,D:dota_replay/Team Liquid/20260423/,http://replay193.valve.net/570/8782870472_851888752.dem.bz2,186.5900392532349,toDo,8782870472
125,,,,,,,dota_replay/Team Liquid/20260514/,http://replay273.valve.net/570/8809888784_696574532.dem.bz2,138.44682788848877,toDo,8809888784
126,,,,,,,dota_replay/Team Liquid/20260514/,http://replay273.valve.net/570/8809802771_578820796.dem.bz2,156.98284149169922,toDo,8809802771
127,,,,,,,dota_replay/Team Liquid/20260514/,http://replay274.valve.net/570/8809696561_1011871147.dem.bz2,149.64960861206055,toDo,8809696561
128,,,,,,,dota_replay/Team Liquid/20260513/,http://replay273.valve.net/570/8809303579_1583732160.dem.bz2,108.72014236450195,toDo,8809303579
129,,,,,,,dota_replay/Team Liquid/20260513/,http://replay274.valve.net/570/8809227928_844521527.dem.bz2,111.60855960845947,toDo,8809227928
130,,,,,,,dota_replay/Team Liquid/20260513/,http://replay274.valve.net/570/8809166456_1059098278.dem.bz2,97.97244548797607,toDo,8809166456
