,Unnamed: 0.14,Unnamed: 0.13,Unnamed: 0.12,Unnamed: 0.11,Unnamed: 0.10,Unnamed: 0.9,Unnamed: 0.8,Unnamed: 0.7,Unnamed: 0.6,Unnamed: 0.5,Unnamed: 0.4,Unnamed: 0.3,Unnamed: 0.2,Unnamed: 0.1,Unnamed: 0,replay_dir_path,replay_url,size,status,match_id
0,0.0,0.0,0.0,0.0,0.0,0.0,0.0,0.0,0.0,0.0,0.0,0.0,0.0,0.0,0.0,D:dota_replay/Teiko/20260423/,http://replay184.valve.net/570/8782545181_2006939631.dem.bz2,44.10673809051514,toDo,8782545181.0
1,1.0,1.0,1.0,1.0,1.0,1.0,1.0,1.0,1.0,1.0,1.0,1.0,1.0,1.0,1.0,D:dota_replay/Teiko/20260423/,http://replay186.valve.net/570/8782495542_1258407117.dem.bz2,52.12963390350342,toDo,8782495542.0
2,2.0,2.0,2.0,2.0,2.0,2.0,2.0,2.0,2.0,2.0,2.0,2.0,2.0,2.0,2.0,D:dota_replay/Teiko/20260423/,http://replay185.valve.net/570/8782458265_1152790454.dem.bz2,61.93197727203369,toDo,8782458265.0
3,3.0,3.0,3.0,3.0,3.0,3.0,3.0,3.0,3.0,3.0,3.0,3.0,3.0,3.0,3.0,D:dota_replay/Teiko/20260421/,http://replay182.valve.net/570/8780011149_1236448451.dem.bz2,49.54947853088379,toDo,8780011149.0
4,4.0,4.0,4.0,4.0,4.0,4.0,4.0,4.0,4.0,4.0,4.0,4.0,4.0,4.0,4.0,D:dota_replay/Teiko/20260418/,http://replay181.valve.net/570/8775977371_1357934146.dem.bz2,48.20392990112305,toDo,8775977371.0
5,5.0,5.0,5.0,5.0,5.0,5.0,5.0,5.0,5.0,5.0,5.0,5.0,5.0,5.0,5.0,D:dota_replay/Teiko/20260418/,http://replay184.valve.net/570/8775922536_843397929.dem.bz2,46.063857078552246,toDo,8775922536.0
6,6.0,6.0,6.0,6.0,6.0,6.0,6.0,6.0,6.0,6.0,6.0,6.0,6.0,6.0,6.0,D:dota_replay/Teiko/20260418/,http://replay184.valve.net/570/8775409015_594066941.dem.bz2,44.83016014099121,toDo,8775409015.0
7,7.0,7.0,7.0,7.0,7.0,7.0,7.0,7.0,7.0,7.0,7.0,7.0,7.0,7.0,7.0,D:dota_replay/Teiko/20260417/,http://replay185.valve.net/570/8774519913_2000157927.dem.bz2,45.731414794921875,toDo,8774519913.0
8,8.0,8.0,8.0,8.0,8.0,8.0,8.0,8.0,8.0,8.0,8.0,8.0,8.0,8.0,8.0,D:dota_replay/Teiko/20260416/,http://replay184.valve.net/570/8773027499_47155196.dem.bz2,46.18955135345459,toDo,8773027499.0
9,9.0,9.0,9.0,9.0,9.0,9.0,9.0,9.0,9.0,9.0,9.0,9.0,9.0,9.0,9.0,D:dota_replay/Teiko/20260416/,http://replay182.valve.net/570/8772930238_13300736.dem.bz2,102.23090362548828,toDo,8772930238.0
10,10.0,10.0,10.0,10.0,10.0,10.0,10.0,10.0,10.0,10.0,10.0,10.0,10.0,10.0,10.0,D:dota_replay/Teiko/20260415/,http://replay182.valve.net/570/8772231847_814166417.dem.bz2,41.8831205368042,toDo,8772231847.0
11,11.0,11.0,11.0,11.0,11.0,11.0,11.0,11.0,11.0,11.0,11.0,11.0,11.0,11.0,11.0,D:dota_replay/Teiko/20260415/,http://replay183.valve.net/570/8772192452_1354221354.dem.bz2,46.64806270599365,toDo,8772192452.0
12,12.0,12.0,12.0,12.0,12.0,12.0,12.0,12.0,12.0,12.0,12.0,12.0,12.0,12.0,12.0,D:dota_replay/Teiko/20260415/,http://replay184.valve.net/570/8772160467_1509382484.dem.bz2,37.789002418518066,toDo,8772160467.0
13,13.0,13.0,13.0,13.0,13.0,13.0,13.0,13.0,13.0,13.0,13.0,13.0,13.0,13.0,13.0,D:dota_replay/Teiko/20260413/,http://replay183.valve.net/570/8769981356_1292883036.dem.bz2,27.048745155334473,toDo,8769981356.0
14,14.0,14.0,14.0,14.0,14.0,14.0,14.0,14.0,14.0,14.0,14.0,14.0,14.0,14.0,14.0,D:dota_replay/Teiko/20260413/,http://replay183.valve.net/570/8769907403_804121812.dem.bz2,54.9846134185791,toDo,8769907403.0
15,15.0,15.0,15.0,15.0,15.0,15.0,15.0,15.0,15.0,15.0,15.0,15.0,15.0,15.0,15.0,D:dota_replay/Teiko/20260403/,http://replay183.valve.net/570/8754900794_956415193.dem.bz2,32.68412113189697,toDo,8754900794.0
16,16.0,16.0,16.0,16.0,16.0,16.0,16.0,16.0,16.0,16.0,16.0,16.0,16.0,16.0,16.0,D:dota_replay/Teiko/20260403/,http://replay185.valve.net/570/8754844149_1946834165.dem.bz2,39.93060779571533,toDo,8754844149.0
17,17.0,17.0,17.0,17.0,17.0,17.0,17.0,17.0,17.0,17.0,17.0,17.0,17.0,17.0,17.0,D:dota_replay/Teiko/20260219/,http://replay185.valve.net/570/8697123454_475084532.dem.bz2,43.19885730743408,toDo,8697123454.0
18,18.0,18.0,18.0,18.0,18.0,18.0,18.0,18.0,18.0,18.0,18.0,18.0,18.0,18.0,18.0,D:dota_replay/Teiko/20260219/,http://replay185.valve.net/570/8697071806_1246870252.dem.bz2,56.18989849090576,toDo,8697071806.0
19,19.0,19.0,19.0,19.0,19.0,19.0,19.0,19.0,19.0,19.0,19.0,19.0,19.0,19.0,19.0,D:dota_replay/Teiko/20260219/,http://replay183.valve.net/570/8697000983_821555590.dem.bz2,63.2687873840332,toDo,8697000983.0
20,20.0,20.0,20.0,20.0,20.0,20.0,20.0,20.0,20.0,20.0,20.0,20.0,20.0,20.0,20.0,D:dota_replay/Teiko/20260216/,http://replay183.valve.net/570/8692697538_743407426.dem.bz2,64.50788497924805,toDo,8692697538.0
21,21.0,21.0,21.0,21.0,21.0,21.0,21.0,21.0,21.0,21.0,21.0,21.0,21.0,21.0,21.0,D:dota_replay/Teiko/20260216/,http://replay183.valve.net/570/8692606485_1992828650.dem.bz2,70.09154319763184,toDo,8692606485.0
22,22.0,22.0,22.0,22.0,22.0,22.0,22.0,22.0,22.0,22.0,22.0,22.0,22.0,22.0,22.0,D:dota_replay/Teiko/20260212/,http://replay182.valve.net/570/8687986353_482557956.dem.bz2,31.38975715637207,toDo,8687986353.0
23,23.0,23.0,23.0,23.0,23.0,23.0,23.0,23.0,23.0,23.0,23.0,23.0,23.0,23.0,23.0,D:dota_replay/Teiko/20260212/,http://replay183.valve.net/570/8687095208_1641618425.dem.bz2,38.09236907958984,toDo,8687095208.0
24,24.0,24.0,24.0,24.0,24.0,24.0,24.0,24.0,24.0,24.0,24.0,24.0,24.0,24.0,24.0,D:dota_replay/Teiko/20260212/,http://replay183.valve.net/570/8687042317_670189820.dem.bz2,33.212890625,toDo,8687042317.0
25,25.0,25.0,25.0,25.0,25.0,25.0,25.0,25.0,25.0,25.0,25.0,25.0,25.0,25.0,25.0,D:dota_replay/Teiko/20260210/,http://replay186.valve.net/570/8685257850_1908676173.dem.bz2,55.77351188659668,toDo,8685257850.0
26,26.0,26.0,26.0,26.0,26.0,26.0,26.0,26.0,26.0,26.0,26.0,26.0,26.0,26.0,26.0,D:dota_replay/Teiko/20260210/,http://replay183.valve.net/570/8685215370_1417883193.dem.bz2,37.4867057800293,toDo,8685215370.0
27,27.0,27.0,27.0,27.0,27.0,27.0,27.0,27.0,27.0,27.0,27.0,27.0,27.0,27.0,27.0,D:dota_replay/Teiko/20260203/,http://replay185.valve.net/570/8675695518_1275539779.dem.bz2,38.50465774536133,toDo,8675695518.0
28,28.0,28.0,28.0,28.0,28.0,28.0,28.0,28.0,28.0,28.0,28.0,28.0,28.0,28.0,28.0,D:dota_replay/Teiko/20260203/,http://replay185.valve.net/570/8675662518_1514661603.dem.bz2,50.52933120727539,toDo,8675662518.0
29,29.0,29.0,29.0,29.0,29.0,29.0,29.0,29.0,29.0,29.0,29.0,29.0,,,,D:dota_replay/Teiko/20260426/,http://replay182.valve.net/570/8786788444_547550068.dem.bz2,54.2112455368042,toDo,8786788444.0
30,30.0,30.0,30.0,30.0,30.0,30.0,30.0,30.0,30.0,30.0,30.0,30.0,,,,D:dota_replay/Teiko/20260426/,http://replay187.valve.net/570/8786733214_923477945.dem.bz2,47.60408115386963,toDo,8786733214.0
31,31.0,31.0,31.0,31.0,31.0,31.0,31.0,31.0,31.0,31.0,31.0,31.0,,,,D:dota_replay/Teiko/20260425/,http://replay185.valve.net/570/8785111141_1688721728.dem.bz2,35.87730312347412,toDo,8785111141.0
32,32.0,32.0,32.0,32.0,32.0,32.0,32.0,32.0,32.0,32.0,32.0,32.0,,,,D:dota_replay/Teiko/20260425/,http://replay186.valve.net/570/8785072456_1173310445.dem.bz2,53.36111259460449,toDo,8785072456.0
33,33.0,33.0,33.0,33.0,33.0,33.0,33.0,33.0,33.0,33.0,33.0,33.0,,,,D:dota_replay/Teiko/20260318/,http://replay182.valve.net/570/8734155012_447397102.dem.bz2,43.175628662109375,toDo,8734155012.0
34,34.0,34.0,34.0,34.0,34.0,34.0,34.0,34.0,34.0,34.0,34.0,34.0,,,,D:dota_replay/Teiko/20260317/,http://replay181.valve.net/570/8732609818_464347790.dem.bz2,54.62066841125488,toDo,8732609818.0
35,35.0,35.0,35.0,35.0,35.0,35.0,35.0,35.0,35.0,35.0,35.0,35.0,,,,D:dota_replay/Teiko/20260317/,http://replay184.valve.net/570/8732493643_697730387.dem.bz2,57.92117977142334,toDo,8732493643.0
36,36.0,36.0,36.0,36.0,36.0,36.0,36.0,36.0,36.0,36.0,36.0,36.0,,,,D:dota_replay/Teiko/20260316/,http://replay181.valve.net/570/8731729827_726146500.dem.bz2,79.43064975738525,toDo,8731729827.0
37,37.0,37.0,37.0,37.0,37.0,37.0,37.0,37.0,37.0,37.0,37.0,37.0,,,,D:dota_replay/Teiko/20260316/,http://replay185.valve.net/570/8731649019_2874572.dem.bz2,57.32619762420654,toDo,8731649019.0
38,38.0,38.0,38.0,38.0,38.0,38.0,38.0,38.0,38.0,38.0,38.0,38.0,,,,D:dota_replay/Teiko/20260316/,http://replay184.valve.net/570/8731570713_1041252278.dem.bz2,34.30622386932373,toDo,8731570713.0
39,39.0,39.0,39.0,39.0,39.0,39.0,39.0,39.0,39.0,39.0,39.0,,,,,D:dota_replay/Teiko/20260511/,http://replay181.valve.net/570/8806549534_1783871930.dem.bz2,23.904154777526855,toDo,8806549534.0
40,40.0,40.0,40.0,40.0,40.0,40.0,40.0,40.0,40.0,40.0,40.0,,,,,D:dota_replay/Teiko/20260509/,http://replay185.valve.net/570/8803985657_1522606318.dem.bz2,37.37836170196533,toDo,8803985657.0
41,41.0,41.0,41.0,41.0,41.0,41.0,41.0,41.0,41.0,41.0,41.0,,,,,D:dota_replay/Teiko/20260508/,http://replay184.valve.net/570/8802415616_466591466.dem.bz2,46.633538246154785,toDo,8802415616.0
42,42.0,42.0,42.0,42.0,42.0,42.0,42.0,42.0,42.0,42.0,42.0,,,,,D:dota_replay/Teiko/20260508/,http://replay181.valve.net/570/8802363323_889292506.dem.bz2,63.94246768951416,toDo,8802363323.0
43,43.0,43.0,43.0,43.0,43.0,43.0,43.0,43.0,43.0,43.0,43.0,,,,,D:dota_replay/Teiko/20260430/,http://replay185.valve.net/570/8791718669_184341715.dem.bz2,50.77648162841797,toDo,8791718669.0
44,44.0,44.0,44.0,44.0,44.0,44.0,44.0,44.0,44.0,44.0,44.0,,,,,D:dota_replay/Teiko/20260430/,http://replay181.valve.net/570/8791675098_798817360.dem.bz2,86.05286502838135,toDo,8791675098.0
45,45.0,45.0,45.0,45.0,45.0,45.0,45.0,45.0,45.0,45.0,45.0,,,,,D:dota_replay/Teiko/20260402/,http://replay181.valve.net/570/8754062970_559523892.dem.bz2,53.10303783416748,toDo,8754062970.0
46,46.0,46.0,46.0,46.0,46.0,46.0,46.0,46.0,46.0,46.0,46.0,,,,,D:dota_replay/Teiko/20260402/,http://replay181.valve.net/570/8754025558_1326498252.dem.bz2,47.77595043182373,toDo,8754025558.0
47,47.0,47.0,47.0,47.0,47.0,47.0,47.0,47.0,47.0,47.0,47.0,,,,,D:dota_replay/Teiko/20260402/,http://replay183.valve.net/570/8753983117_609860569.dem.bz2,46.36829662322998,toDo,8753983117.0
48,48.0,48.0,48.0,48.0,48.0,48.0,48.0,48.0,48.0,48.0,48.0,,,,,D:dota_replay/Teiko/20260331/,http://replay185.valve.net/570/8751427702_1091347785.dem.bz2,52.62228488922119,toDo,8751427702.0
49,49.0,49.0,49.0,49.0,49.0,49.0,49.0,49.0,49.0,49.0,49.0,,,,,D:dota_replay/Teiko/20260331/,http://replay185.valve.net/570/8751385274_768106923.dem.bz2,74.98851108551025,toDo,8751385274.0
50,50.0,50.0,50.0,50.0,50.0,50.0,50.0,50.0,50.0,50.0,50.0,,,,,D:dota_replay/Teiko/20260330/,http://replay184.valve.net/570/8750150836_1248732041.dem.bz2,63.148454666137695,toDo,8750150836.0
51,51.0,51.0,51.0,51.0,51.0,51.0,51.0,51.0,51.0,51.0,51.0,,,,,D:dota_replay/Teiko/20260330/,http://replay184.valve.net/570/8750122430_2047753118.dem.bz2,32.502081871032715,toDo,8750122430.0
52,52.0,52.0,52.0,52.0,52.0,52.0,52.0,52.0,52.0,52.0,52.0,,,,,D:dota_replay/Teiko/20260330/,http://replay185.valve.net/570/8750066183_1219511769.dem.bz2,107.95885562896729,toDo,8750066183.0
53,53.0,53.0,53.0,53.0,53.0,53.0,53.0,53.0,53.0,53.0,53.0,,,,,D:dota_replay/Teiko/20260329/,http://replay182.valve.net/570/8747789593_672531863.dem.bz2,50.72493648529053,toDo,8747789593.0
54,54.0,54.0,54.0,54.0,54.0,54.0,54.0,54.0,54.0,54.0,54.0,,,,,D:dota_replay/Teiko/20260328/,http://replay184.valve.net/570/8746592208_1067064479.dem.bz2,30.45612907409668,toDo,8746592208.0
55,55.0,55.0,55.0,55.0,55.0,55.0,55.0,55.0,55.0,55.0,55.0,,,,,D:dota_replay/Teiko/20260328/,http://replay183.valve.net/570/8746490111_1944445030.dem.bz2,76.12925243377686,toDo,8746490111.0
56,56.0,56.0,56.0,56.0,56.0,56.0,56.0,56.0,56.0,56.0,56.0,,,,,D:dota_replay/Teiko/20260328/,http://replay184.valve.net/570/8746404665_1749562906.dem.bz2,55.69451332092285,toDo,8746404665.0
57,57.0,57.0,57.0,57.0,57.0,57.0,57.0,57.0,57.0,57.0,57.0,,,,,D:dota_replay/Teiko/20260323/,http://replay185.valve.net/570/8740605482_2130358422.dem.bz2,67.54261112213135,toDo,8740605482.0
58,58.0,58.0,58.0,58.0,58.0,58.0,58.0,58.0,58.0,58.0,58.0,,,,,D:dota_replay/Teiko/20260323/,http://replay182.valve.net/570/8740565629_460834508.dem.bz2,36.8008508682251,toDo,8740565629.0
59,59.0,59.0,59.0,59.0,59.0,59.0,59.0,59.0,59.0,59.0,59.0,,,,,D:dota_replay/Teiko/20260321/,http://replay185.valve.net/570/8737709488_1541589991.dem.bz2,36.8056640625,toDo,8737709488.0
60,60.0,60.0,60.0,60.0,60.0,60.0,60.0,60.0,60.0,60.0,60.0,,,,,D:dota_replay/Teiko/20260321/,http://replay181.valve.net/570/8737663753_1087506056.dem.bz2,44.56580638885498,toDo,8737663753.0
61,61.0,61.0,61.0,61.0,61.0,61.0,61.0,61.0,61.0,61.0,61.0,,,,,D:dota_replay/Teiko/20260321/,http://replay185.valve.net/570/8737605784_927156484.dem.bz2,54.69206237792969,toDo,8737605784.0
62,62.0,62.0,62.0,62.0,62.0,62.0,62.0,62.0,62.0,62.0,62.0,,,,,D:dota_replay/Teiko/20260228/,http://replay182.valve.net/570/8710067342_1605076953.dem.bz2,36.73716449737549,toDo,8710067342.0
63,63.0,63.0,63.0,63.0,63.0,63.0,63.0,63.0,63.0,63.0,63.0,,,,,D:dota_replay/Teiko/20260228/,http://replay181.valve.net/570/8709994280_1293583932.dem.bz2,33.77955913543701,toDo,8709994280.0
64,64.0,64.0,64.0,64.0,64.0,64.0,64.0,64.0,64.0,64.0,64.0,,,,,D:dota_replay/Teiko/20260223/,http://replay185.valve.net/570/8702055764_1468446934.dem.bz2,34.91101932525635,toDo,8702055764.0
65,65.0,65.0,65.0,65.0,65.0,65.0,65.0,65.0,65.0,65.0,65.0,,,,,D:dota_replay/Teiko/20260223/,http://replay183.valve.net/570/8701975050_1582269637.dem.bz2,55.005391120910645,toDo,8701975050.0
66,66.0,66.0,66.0,66.0,66.0,66.0,66.0,66.0,66.0,66.0,66.0,,,,,D:dota_replay/Teiko/20260222/,http://replay182.valve.net/570/8701911626_1771031956.dem.bz2,30.478123664855957,toDo,8701911626.0
67,67.0,67.0,67.0,67.0,67.0,67.0,67.0,67.0,67.0,67.0,67.0,,,,,D:dota_replay/Teiko/20260221/,http://replay181.valve.net/570/8698854547_1887312063.dem.bz2,30.806957244873047,toDo,8698854547.0
68,68.0,68.0,68.0,68.0,68.0,68.0,68.0,68.0,68.0,68.0,68.0,,,,,D:dota_replay/Teiko/20260211/,http://replay182.valve.net/570/8686738113_1981204930.dem.bz2,32.798956871032715,toDo,8686738113.0
69,69.0,69.0,69.0,69.0,69.0,69.0,69.0,69.0,69.0,69.0,69.0,,,,,D:dota_replay/Teiko/20260211/,http://replay185.valve.net/570/8686693540_1639359164.dem.bz2,26.29218482971191,toDo,8686693540.0
70,70.0,70.0,70.0,70.0,70.0,70.0,70.0,70.0,70.0,70.0,70.0,,,,,D:dota_replay/Teiko/20260211/,http://replay182.valve.net/570/8686635112_922609530.dem.bz2,48.370219230651855,toDo,8686635112.0
71,71.0,71.0,71.0,71.0,71.0,71.0,71.0,71.0,71.0,71.0,71.0,,,,,D:dota_replay/Teiko/20260208/,http://replay186.valve.net/570/8681860773_865979927.dem.bz2,44.98434543609619,toDo,8681860773.0
72,72.0,72.0,72.0,72.0,72.0,72.0,72.0,72.0,72.0,72.0,72.0,,,,,D:dota_replay/Teiko/20260208/,http://replay184.valve.net/570/8681776363_298609350.dem.bz2,59.3050594329834,toDo,8681776363.0
73,73.0,73.0,73.0,73.0,73.0,73.0,73.0,73.0,73.0,73.0,73.0,,,,,D:dota_replay/Teiko/20260206/,http://replay182.valve.net/570/8679567835_1104067206.dem.bz2,50.8255672454834,toDo,8679567835.0
74,74.0,74.0,74.0,74.0,74.0,74.0,74.0,,,,,,,,,D:dota_replay/Teiko/20260511/,http://replay182.valve.net/570/8806580532_1096623774.dem.bz2,48.595069885253906,toDo,8806580532.0
75,75.0,75.0,75.0,75.0,75.0,75.0,75.0,,,,,,,,,D:dota_replay/Teiko/20260511/,http://replay181.valve.net/570/8806495445_1140263950.dem.bz2,76.11017417907715,toDo,8806495445.0
76,76.0,76.0,76.0,76.0,76.0,76.0,76.0,,,,,,,,,D:dota_replay/Teiko/20260511/,http://replay185.valve.net/570/8806452725_1423880066.dem.bz2,74.93101215362549,toDo,8806452725.0
77,77.0,77.0,77.0,77.0,77.0,77.0,77.0,,,,,,,,,D:dota_replay/Teiko/20260509/,http://replay181.valve.net/570/8803916942_1848480262.dem.bz2,42.680542945861816,toDo,8803916942.0
78,78.0,78.0,78.0,78.0,78.0,78.0,78.0,,,,,,,,,D:dota_replay/Teiko/20260509/,http://replay184.valve.net/570/8802859192_1096476947.dem.bz2,38.44025230407715,toDo,8802859192.0
79,79.0,79.0,79.0,79.0,79.0,79.0,79.0,,,,,,,,,D:dota_replay/Teiko/20260508/,http://replay181.valve.net/570/8802775918_141052488.dem.bz2,48.863595962524414,toDo,8802775918.0
80,80.0,80.0,80.0,80.0,80.0,80.0,80.0,,,,,,,,,D:dota_replay/Teiko/20260508/,http://replay182.valve.net/570/8802577984_460847178.dem.bz2,66.29675006866455,toDo,8802577984.0
81,81.0,81.0,81.0,81.0,81.0,81.0,81.0,,,,,,,,,D:dota_replay/Teiko/20260508/,http://replay183.valve.net/570/8802481654_1569507390.dem.bz2,49.969295501708984,toDo,8802481654.0
82,82.0,82.0,82.0,82.0,82.0,82.0,82.0,,,,,,,,,D:dota_replay/Teiko/20260508/,http://replay183.valve.net/570/8802315395_688993334.dem.bz2,54.45408630371094,toDo,8802315395.0
83,83.0,83.0,83.0,83.0,83.0,83.0,83.0,,,,,,,,,D:dota_replay/Teiko/20260429/,http://replay181.valve.net/570/8790153513_808204969.dem.bz2,54.22898006439209,toDo,8790153513.0
84,84.0,84.0,84.0,84.0,84.0,84.0,84.0,,,,,,,,,D:dota_replay/Teiko/20260429/,http://replay185.valve.net/570/8790055883_333960642.dem.bz2,57.05273151397705,toDo,8790055883.0
85,85.0,85.0,85.0,85.0,85.0,85.0,85.0,,,,,,,,,D:dota_replay/Teiko/20260428/,http://replay183.valve.net/570/8789973553_1469868962.dem.bz2,61.790717124938965,toDo,8789973553.0
86,86.0,86.0,86.0,86.0,86.0,86.0,86.0,,,,,,,,,D:dota_replay/Teiko/20260428/,http://replay182.valve.net/570/8789658897_545002535.dem.bz2,75.76057624816895,toDo,8789658897.0
87,87.0,87.0,87.0,87.0,87.0,87.0,87.0,,,,,,,,,D:dota_replay/Teiko/20260428/,http://replay185.valve.net/570/8789616371_40429033.dem.bz2,31.143545150756836,toDo,8789616371.0
88,88.0,88.0,88.0,88.0,88.0,88.0,88.0,,,,,,,,,D:dota_replay/Teiko/20260428/,http://replay181.valve.net/570/8788884398_1435580330.dem.bz2,39.46769428253174,toDo,8788884398.0
89,89.0,89.0,89.0,89.0,89.0,89.0,89.0,,,,,,,,,D:dota_replay/Teiko/20260428/,http://replay184.valve.net/570/8788820717_57500135.dem.bz2,44.610018730163574,toDo,8788820717.0
90,90.0,90.0,90.0,90.0,90.0,90.0,90.0,,,,,,,,,D:dota_replay/Teiko/20260427/,http://replay184.valve.net/570/8788736783_936691499.dem.bz2,63.0716609954834,toDo,8788736783.0
91,91.0,91.0,91.0,91.0,91.0,91.0,91.0,,,,,,,,,D:dota_replay/Teiko/20260415/,http://replay183.valve.net/570/8772316010_789704441.dem.bz2,49.89973831176758,toDo,8772316010.0
92,92.0,92.0,92.0,92.0,92.0,92.0,92.0,,,,,,,,,D:dota_replay/Teiko/20260415/,http://replay184.valve.net/570/8772273885_331700929.dem.bz2,55.118221282958984,toDo,8772273885.0
93,93.0,93.0,93.0,93.0,93.0,93.0,93.0,,,,,,,,,D:dota_replay/Teiko/20260412/,http://replay185.valve.net/570/8768265413_43863661.dem.bz2,60.90526390075683,toDo,8768265413.0
94,94.0,94.0,94.0,94.0,94.0,94.0,94.0,,,,,,,,,D:dota_replay/Teiko/20260412/,http://replay182.valve.net/570/8768181034_1610715381.dem.bz2,72.89656257629395,toDo,8768181034.0
95,95.0,95.0,95.0,95.0,95.0,95.0,95.0,,,,,,,,,D:dota_replay/Teiko/20260412/,http://replay182.valve.net/570/8768126581_246259547.dem.bz2,58.97703552246094,toDo,8768126581.0
96,96.0,96.0,96.0,96.0,96.0,96.0,96.0,,,,,,,,,D:dota_replay/Teiko/20260412/,http://replay183.valve.net/570/8768027244_1285185153.dem.bz2,37.53170204162598,toDo,8768027244.0
97,97.0,97.0,97.0,97.0,97.0,97.0,97.0,,,,,,,,,D:dota_replay/Teiko/20260411/,http://replay185.valve.net/570/8766901266_1277225779.dem.bz2,52.42095184326172,toDo,8766901266.0
98,98.0,98.0,98.0,98.0,98.0,98.0,98.0,,,,,,,,,D:dota_replay/Teiko/20260411/,http://replay184.valve.net/570/8766635021_543996561.dem.bz2,50.27124500274658,toDo,8766635021.0
99,99.0,99.0,99.0,99.0,99.0,99.0,99.0,,,,,,,,,D:dota_replay/Teiko/20260411/,http://replay181.valve.net/570/8766578628_15403500.dem.bz2,58.18550491333008,toDo,8766578628.0
100,100.0,100.0,100.0,100.0,100.0,100.0,100.0,,,,,,,,,D:dota_replay/Teiko/20260411/,http://replay182.valve.net/570/8766520422_1855324322.dem.bz2,53.31367874145508,toDo,8766520422.0
101,101.0,101.0,101.0,101.0,101.0,101.0,101.0,,,,,,,,,D:dota_replay/Teiko/20260408/,http://replay183.valve.net/570/8762788237_1786453204.dem.bz2,79.01595401763916,toDo,8762788237.0
102,102.0,102.0,102.0,102.0,102.0,102.0,102.0,,,,,,,,,D:dota_replay/Teiko/20260408/,http://replay185.valve.net/570/8762735978_697276691.dem.bz2,65.26662921905518,toDo,8762735978.0
103,103.0,103.0,103.0,103.0,103.0,103.0,103.0,,,,,,,,,D:dota_replay/Teiko/20260407/,http://replay185.valve.net/570/8761351394_898881673.dem.bz2,65.32927322387695,toDo,8761351394.0
104,104.0,104.0,104.0,104.0,104.0,104.0,104.0,,,,,,,,,D:dota_replay/Teiko/20260407/,http://replay185.valve.net/570/8761332164_1036469524.dem.bz2,22.937582969665527,toDo,8761332164.0
105,105.0,105.0,105.0,105.0,105.0,105.0,105.0,,,,,,,,,D:dota_replay/Teiko/20260403/,http://replay187.valve.net/570/8755864652_885485792.dem.bz2,55.53669261932373,toDo,8755864652.0
106,106.0,106.0,106.0,106.0,106.0,106.0,106.0,,,,,,,,,D:dota_replay/Teiko/20260403/,http://replay181.valve.net/570/8755793139_646382815.dem.bz2,40.48917198181152,toDo,8755793139.0
107,107.0,107.0,107.0,107.0,107.0,107.0,107.0,,,,,,,,,D:dota_replay/Teiko/20260403/,http://replay184.valve.net/570/8755727364_1665932427.dem.bz2,38.58766841888428,toDo,8755727364.0
108,108.0,108.0,108.0,108.0,108.0,108.0,108.0,,,,,,,,,D:dota_replay/Teiko/20260401/,http://replay183.valve.net/570/8752849864_571994604.dem.bz2,49.52309322357178,toDo,8752849864.0
109,109.0,109.0,109.0,109.0,109.0,109.0,109.0,,,,,,,,,D:dota_replay/Teiko/20260401/,http://replay181.valve.net/570/8752812205_1188584699.dem.bz2,47.05648994445801,toDo,8752812205.0
110,110.0,110.0,110.0,110.0,110.0,110.0,110.0,,,,,,,,,D:dota_replay/Teiko/20260401/,http://replay185.valve.net/570/8752768316_344862277.dem.bz2,39.932443618774414,toDo,8752768316.0
111,111.0,111.0,111.0,111.0,111.0,111.0,111.0,,,,,,,,,D:dota_replay/Teiko/20260401/,http://replay187.valve.net/570/8752718181_1222806085.dem.bz2,54.44406509399414,toDo,8752718181.0
112,112.0,112.0,112.0,112.0,112.0,112.0,112.0,,,,,,,,,D:dota_replay/Teiko/20260401/,http://replay184.valve.net/570/8752679610_1069462950.dem.bz2,42.74577045440674,toDo,8752679610.0
113,113.0,113.0,113.0,113.0,113.0,113.0,113.0,,,,,,,,,D:dota_replay/Teiko/20260330/,http://replay183.valve.net/570/8750308006_1811673061.dem.bz2,33.46151924133301,toDo,8750308006.0
114,114.0,114.0,114.0,114.0,114.0,114.0,114.0,,,,,,,,,D:dota_replay/Teiko/20260330/,http://replay183.valve.net/570/8750249409_160391336.dem.bz2,67.39977169036865,toDo,8750249409.0
115,115.0,115.0,115.0,115.0,115.0,115.0,115.0,,,,,,,,,D:dota_replay/Teiko/20260330/,http://replay185.valve.net/570/8750218681_2021507313.dem.bz2,43.75296115875244,toDo,8750218681.0
116,116.0,116.0,116.0,116.0,116.0,116.0,116.0,,,,,,,,,D:dota_replay/Teiko/20260330/,http://replay186.valve.net/570/8749589036_1806187571.dem.bz2,40.51779651641846,toDo,8749589036.0
117,117.0,117.0,117.0,117.0,117.0,117.0,117.0,,,,,,,,,D:dota_replay/Teiko/20260326/,http://replay182.valve.net/570/8744484891_1283202987.dem.bz2,32.7033166885376,toDo,8744484891.0
118,118.0,118.0,118.0,118.0,118.0,118.0,118.0,,,,,,,,,D:dota_replay/Teiko/20260326/,http://replay184.valve.net/570/8744405700_1505842141.dem.bz2,79.84409141540527,toDo,8744405700.0
119,119.0,119.0,119.0,119.0,119.0,119.0,119.0,,,,,,,,,D:dota_replay/Teiko/20260326/,http://replay184.valve.net/570/8744368806_1493730675.dem.bz2,36.391160011291504,toDo,8744368806.0
120,120.0,120.0,120.0,120.0,120.0,120.0,120.0,,,,,,,,,D:dota_replay/Teiko/20260326/,http://replay183.valve.net/570/8744296485_330590962.dem.bz2,68.44041728973389,toDo,8744296485.0
121,121.0,121.0,121.0,121.0,121.0,121.0,121.0,,,,,,,,,D:dota_replay/Teiko/20260326/,http://replay181.valve.net/570/8744261482_679120550.dem.bz2,44.29006862640381,toDo,8744261482.0
122,122.0,122.0,122.0,122.0,122.0,122.0,122.0,,,,,,,,,D:dota_replay/Teiko/20260326/,http://replay184.valve.net/570/8744235313_858789481.dem.bz2,41.0676212310791,toDo,8744235313.0
123,123.0,123.0,123.0,123.0,123.0,123.0,123.0,,,,,,,,,D:dota_replay/Teiko/20260325/,http://replay185.valve.net/570/8743477908_416721759.dem.bz2,43.448434829711914,toDo,8743477908.0
124,124.0,124.0,124.0,124.0,124.0,124.0,124.0,,,,,,,,,D:dota_replay/Teiko/20260325/,http://replay185.valve.net/570/8743378574_2004509827.dem.bz2,54.795987129211426,toDo,8743378574.0
125,125.0,125.0,125.0,125.0,125.0,125.0,125.0,,,,,,,,,D:dota_replay/Teiko/20260325/,http://replay184.valve.net/570/8742985126_841859541.dem.bz2,71.30378341674805,toDo,8742985126.0
126,126.0,126.0,126.0,126.0,126.0,126.0,126.0,,,,,,,,,D:dota_replay/Teiko/20260325/,http://replay182.valve.net/570/8742944193_399046066.dem.bz2,33.65501308441162,toDo,8742944193.0
127,127.0,127.0,127.0,127.0,127.0,127.0,127.0,,,,,,,,,D:dota_replay/Teiko/20260324/,http://replay183.valve.net/570/8742035906_426502123.dem.bz2,51.81661891937256,toDo,8742035906.0
128,128.0,128.0,128.0,128.0,128.0,128.0,128.0,,,,,,,,,D:dota_replay/Teiko/20260324/,http://replay182.valve.net/570/8741970387_2137851041.dem.bz2,32.04438591003418,toDo,8741970387.0
129,129.0,129.0,129.0,129.0,129.0,129.0,129.0,,,,,,,,,D:dota_replay/Teiko/20260324/,http://replay183.valve.net/570/8741842687_138235730.dem.bz2,45.401960372924805,toDo,8741842687.0
130,130.0,130.0,130.0,130.0,130.0,130.0,130.0,,,,,,,,,D:dota_replay/Teiko/20260324/,http://replay185.valve.net/570/8741801256_1533347591.dem.bz2,32.91668701171875,toDo,8741801256.0
131,131.0,131.0,131.0,131.0,131.0,131.0,131.0,,,,,,,,,D:dota_replay/Teiko/20260323/,http://replay182.valve.net/570/8740510041_266452630.dem.bz2,62.73464298248291,toDo,8740510041.0
132,132.0,132.0,132.0,132.0,132.0,132.0,132.0,,,,,,,,,D:dota_replay/Teiko/20260322/,http://replay185.valve.net/570/8739457443_2992502.dem.bz2,38.70079231262207,toDo,8739457443.0
133,133.0,133.0,133.0,133.0,133.0,133.0,133.0,,,,,,,,,D:dota_replay/Teiko/20260322/,http://replay185.valve.net/570/8739369490_445037955.dem.bz2,52.16048812866211,toDo,8739369490.0
134,134.0,134.0,134.0,134.0,134.0,134.0,134.0,,,,,,,,,D:dota_replay/Teiko/20260322/,http://replay183.valve.net/570/8739138444_454931118.dem.bz2,46.27390193939209,toDo,8739138444.0
135,135.0,135.0,135.0,135.0,135.0,135.0,135.0,,,,,,,,,D:dota_replay/Teiko/20260322/,http://replay182.valve.net/570/8739066502_465069546.dem.bz2,42.52781963348389,toDo,8739066502.0
136,136.0,136.0,136.0,136.0,136.0,136.0,136.0,,,,,,,,,D:dota_replay/Teiko/20260321/,http://replay187.valve.net/570/8737561100_1728198831.dem.bz2,34.456549644470215,toDo,8737561100.0
137,137.0,137.0,137.0,137.0,137.0,137.0,137.0,,,,,,,,,D:dota_replay/Teiko/20260321/,http://replay183.valve.net/570/8737511589_1803644213.dem.bz2,62.20873069763184,toDo,8737511589.0
138,138.0,138.0,138.0,138.0,138.0,138.0,138.0,,,,,,,,,D:dota_replay/Teiko/20260321/,http://replay182.valve.net/570/8737463469_431505214.dem.bz2,46.09226322174072,toDo,8737463469.0
139,139.0,139.0,139.0,139.0,139.0,139.0,139.0,,,,,,,,,D:dota_replay/Teiko/20260320/,http://replay183.valve.net/570/8736439121_1414009993.dem.bz2,45.75350093841553,toDo,8736439121.0
140,140.0,140.0,140.0,140.0,140.0,140.0,140.0,,,,,,,,,D:dota_replay/Teiko/20260320/,http://replay187.valve.net/570/8736374063_1904769204.dem.bz2,46.43288993835449,toDo,8736374063.0
141,141.0,141.0,141.0,141.0,141.0,141.0,141.0,,,,,,,,,D:dota_replay/Teiko/20260320/,http://replay183.valve.net/570/8735498697_1038991770.dem.bz2,52.82441711425781,toDo,8735498697.0
142,142.0,142.0,142.0,142.0,142.0,142.0,142.0,,,,,,,,,D:dota_replay/Teiko/20260319/,http://replay183.valve.net/570/8735435989_1360910173.dem.bz2,41.46385860443115,toDo,8735435989.0
143,143.0,143.0,143.0,143.0,143.0,143.0,143.0,,,,,,,,,D:dota_replay/Teiko/20260319/,http://replay183.valve.net/570/8735353791_487786166.dem.bz2,28.389430046081543,toDo,8735353791.0
144,144.0,144.0,144.0,144.0,144.0,144.0,144.0,,,,,,,,,D:dota_replay/Teiko/20260319/,http://replay184.valve.net/570/8735073516_929052410.dem.bz2,61.632673263549805,toDo,8735073516.0
145,145.0,145.0,145.0,145.0,145.0,145.0,145.0,,,,,,,,,D:dota_replay/Teiko/20260319/,http://replay185.valve.net/570/8735014902_2025582730.dem.bz2,69.96416568756104,toDo,8735014902.0
146,146.0,146.0,146.0,146.0,146.0,146.0,146.0,,,,,,,,,D:dota_replay/Teiko/20260319/,http://replay183.valve.net/570/8734979158_1082216278.dem.bz2,59.0985050201416,toDo,8734979158.0
147,147.0,147.0,147.0,147.0,147.0,147.0,147.0,,,,,,,,,D:dota_replay/Teiko/20260318/,http://replay181.valve.net/570/8734208434_915296846.dem.bz2,42.583566665649414,toDo,8734208434.0
148,148.0,148.0,148.0,148.0,148.0,148.0,148.0,,,,,,,,,D:dota_replay/Teiko/20260317/,http://replay185.valve.net/570/8732671141_366888234.dem.bz2,38.33121490478515,toDo,8732671141.0
149,149.0,149.0,149.0,149.0,149.0,149.0,149.0,,,,,,,,,D:dota_replay/Teiko/20260317/,http://replay184.valve.net/570/8732557695_1492354241.dem.bz2,33.65830612182617,toDo,8732557695.0
150,150.0,150.0,150.0,150.0,150.0,150.0,150.0,,,,,,,,,D:dota_replay/Teiko/20260316/,http://replay181.valve.net/570/8731506600_1527211491.dem.bz2,23.826669692993164,toDo,8731506600.0
151,151.0,151.0,151.0,151.0,151.0,151.0,151.0,,,,,,,,,D:dota_replay/Teiko/20260316/,http://replay185.valve.net/570/8731433672_2072384647.dem.bz2,52.101768493652344,toDo,8731433672.0
152,152.0,152.0,152.0,152.0,152.0,152.0,152.0,,,,,,,,,D:dota_replay/Teiko/20260316/,http://replay184.valve.net/570/8731366509_1273531769.dem.bz2,44.852291107177734,toDo,8731366509.0
153,153.0,153.0,153.0,153.0,153.0,153.0,153.0,,,,,,,,,D:dota_replay/Teiko/20260316/,http://replay184.valve.net/570/8731310807_970745075.dem.bz2,48.25198745727539,toDo,8731310807.0
154,154.0,154.0,154.0,154.0,154.0,154.0,154.0,,,,,,,,,D:dota_replay/Teiko/20260316/,http://replay184.valve.net/570/8731269372_802537937.dem.bz2,41.969167709350586,toDo,8731269372.0
155,155.0,155.0,155.0,155.0,155.0,155.0,155.0,,,,,,,,,D:dota_replay/Teiko/20260315/,http://replay183.valve.net/570/8730223957_1699565581.dem.bz2,51.67433547973633,toDo,8730223957.0
156,156.0,156.0,156.0,156.0,156.0,156.0,156.0,,,,,,,,,D:dota_replay/Teiko/20260315/,http://replay185.valve.net/570/8730158170_1476082461.dem.bz2,33.95423698425293,toDo,8730158170.0
157,157.0,157.0,157.0,157.0,157.0,157.0,157.0,,,,,,,,,D:dota_replay/Teiko/20260315/,http://replay183.valve.net/570/8730072106_325886973.dem.bz2,55.7039213180542,toDo,8730072106.0
158,158.0,158.0,158.0,158.0,158.0,158.0,158.0,,,,,,,,,D:dota_replay/Teiko/20260315/,http://replay183.valve.net/570/8729954941_1778634866.dem.bz2,63.28559684753418,toDo,8729954941.0
159,159.0,159.0,159.0,159.0,159.0,159.0,159.0,,,,,,,,,D:dota_replay/Teiko/20260315/,http://replay181.valve.net/570/8729895204_1008825881.dem.bz2,46.721625328063965,toDo,8729895204.0
160,160.0,160.0,160.0,160.0,160.0,160.0,160.0,,,,,,,,,D:dota_replay/Teiko/20260315/,http://replay185.valve.net/570/8728893597_1893009374.dem.bz2,46.23116874694824,toDo,8728893597.0
161,161.0,161.0,161.0,161.0,161.0,161.0,161.0,,,,,,,,,D:dota_replay/Teiko/20260314/,http://replay185.valve.net/570/8728809825_1465229916.dem.bz2,46.54772090911865,toDo,8728809825.0
162,162.0,162.0,162.0,162.0,162.0,162.0,162.0,,,,,,,,,D:dota_replay/Teiko/20260314/,http://replay182.valve.net/570/8728719572_1991024025.dem.bz2,49.835811614990234,toDo,8728719572.0
163,163.0,163.0,163.0,163.0,163.0,163.0,163.0,,,,,,,,,D:dota_replay/Teiko/20260313/,http://replay181.valve.net/570/8727027933_101775041.dem.bz2,40.87364673614502,toDo,8727027933.0
164,164.0,164.0,164.0,164.0,164.0,164.0,164.0,,,,,,,,,D:dota_replay/Teiko/20260313/,http://replay184.valve.net/570/8726968506_1291165564.dem.bz2,47.68473243713379,toDo,8726968506.0
165,165.0,165.0,165.0,165.0,165.0,165.0,165.0,,,,,,,,,D:dota_replay/Teiko/20260313/,http://replay183.valve.net/570/8726894616_1008995839.dem.bz2,47.86784553527832,toDo,8726894616.0
166,166.0,166.0,166.0,166.0,166.0,166.0,166.0,,,,,,,,,D:dota_replay/Teiko/20260313/,http://replay184.valve.net/570/8726849498_2130449309.dem.bz2,37.4079647064209,toDo,8726849498.0
167,167.0,167.0,167.0,167.0,167.0,167.0,167.0,,,,,,,,,D:dota_replay/Teiko/20260312/,http://replay184.valve.net/570/8726015044_403711632.dem.bz2,44.296515464782715,toDo,8726015044.0
168,168.0,168.0,168.0,168.0,168.0,168.0,168.0,,,,,,,,,D:dota_replay/Teiko/20260312/,http://replay181.valve.net/570/8725911261_1004180480.dem.bz2,70.05923557281494,toDo,8725911261.0
169,169.0,169.0,169.0,169.0,169.0,169.0,169.0,,,,,,,,,D:dota_replay/Teiko/20260312/,http://replay184.valve.net/570/8725811975_84294960.dem.bz2,59.4854793548584,toDo,8725811975.0
170,170.0,170.0,170.0,170.0,170.0,170.0,170.0,,,,,,,,,D:dota_replay/Teiko/20260312/,http://replay181.valve.net/570/8725756750_943286264.dem.bz2,44.98933219909668,toDo,8725756750.0
171,171.0,171.0,171.0,171.0,171.0,171.0,171.0,,,,,,,,,D:dota_replay/Teiko/20260312/,http://replay182.valve.net/570/8725141078_1024881896.dem.bz2,49.06959533691406,toDo,8725141078.0
172,172.0,172.0,172.0,172.0,172.0,172.0,172.0,,,,,,,,,D:dota_replay/Teiko/20260312/,http://replay181.valve.net/570/8725074311_2111239260.dem.bz2,49.962313652038574,toDo,8725074311.0
173,173.0,173.0,173.0,173.0,173.0,173.0,173.0,,,,,,,,,D:dota_replay/Teiko/20260312/,http://replay183.valve.net/570/8725001245_1360406811.dem.bz2,50.06845760345459,toDo,8725001245.0
174,174.0,174.0,174.0,174.0,174.0,174.0,174.0,,,,,,,,,D:dota_replay/Teiko/20260312/,http://replay182.valve.net/570/8724908494_694469669.dem.bz2,66.52290725708008,toDo,8724908494.0
175,175.0,175.0,175.0,175.0,175.0,175.0,175.0,,,,,,,,,D:dota_replay/Teiko/20260311/,http://replay185.valve.net/570/8724857065_394261739.dem.bz2,31.43776512145996,toDo,8724857065.0
176,176.0,176.0,176.0,176.0,176.0,176.0,176.0,,,,,,,,,D:dota_replay/Teiko/20260311/,http://replay182.valve.net/570/8724727899_1846987049.dem.bz2,65.20868492126465,toDo,8724727899.0
177,177.0,177.0,177.0,177.0,177.0,177.0,177.0,,,,,,,,,D:dota_replay/Teiko/20260310/,http://replay181.valve.net/570/8723684079_1515315558.dem.bz2,41.56438636779785,toDo,8723684079.0
178,178.0,178.0,178.0,178.0,178.0,178.0,178.0,,,,,,,,,D:dota_replay/Teiko/20260310/,http://replay185.valve.net/570/8723601144_126805427.dem.bz2,65.43349075317383,toDo,8723601144.0
179,179.0,179.0,179.0,179.0,179.0,179.0,179.0,,,,,,,,,D:dota_replay/Teiko/20260310/,http://replay182.valve.net/570/8723531877_35776842.dem.bz2,42.81079864501953,toDo,8723531877.0
180,180.0,180.0,180.0,180.0,180.0,180.0,180.0,,,,,,,,,D:dota_replay/Teiko/20260310/,http://replay184.valve.net/570/8723318580_68488389.dem.bz2,54.672760009765625,toDo,8723318580.0
181,181.0,181.0,181.0,181.0,181.0,181.0,181.0,,,,,,,,,D:dota_replay/Teiko/20260310/,http://replay183.valve.net/570/8723272581_1659737971.dem.bz2,57.81251049041748,toDo,8723272581.0
182,182.0,182.0,182.0,182.0,182.0,182.0,182.0,,,,,,,,,D:dota_replay/Teiko/20260310/,http://replay183.valve.net/570/8723233927_1537990771.dem.bz2,42.65262699127197,toDo,8723233927.0
183,183.0,183.0,183.0,183.0,183.0,183.0,183.0,,,,,,,,,D:dota_replay/Teiko/20260309/,http://replay182.valve.net/570/8722360664_1709442972.dem.bz2,34.099825859069824,toDo,8722360664.0
184,184.0,184.0,184.0,184.0,184.0,184.0,184.0,,,,,,,,,D:dota_replay/Teiko/20260309/,http://replay183.valve.net/570/8722291535_800301764.dem.bz2,32.35324954986572,toDo,8722291535.0
185,185.0,185.0,185.0,185.0,185.0,185.0,185.0,,,,,,,,,D:dota_replay/Teiko/20260309/,http://replay182.valve.net/570/8722138588_851820369.dem.bz2,58.51898002624512,toDo,8722138588.0
186,186.0,186.0,186.0,186.0,186.0,186.0,186.0,,,,,,,,,D:dota_replay/Teiko/20260309/,http://replay183.valve.net/570/8722088055_1397778878.dem.bz2,35.08053398132324,toDo,8722088055.0
187,187.0,187.0,187.0,187.0,187.0,187.0,187.0,,,,,,,,,D:dota_replay/Teiko/20260309/,http://replay185.valve.net/570/8722004772_1107504704.dem.bz2,48.70034408569336,toDo,8722004772.0
188,188.0,188.0,188.0,188.0,188.0,188.0,188.0,,,,,,,,,D:dota_replay/Teiko/20260309/,http://replay183.valve.net/570/8721955245_810326201.dem.bz2,53.531752586364746,toDo,8721955245.0
189,189.0,189.0,189.0,189.0,189.0,189.0,189.0,,,,,,,,,D:dota_replay/Teiko/20260309/,http://replay181.valve.net/570/8721217913_240595464.dem.bz2,37.15992259979248,toDo,8721217913.0
190,190.0,190.0,190.0,190.0,190.0,190.0,190.0,,,,,,,,,D:dota_replay/Teiko/20260309/,http://replay184.valve.net/570/8721149597_76871147.dem.bz2,41.455315589904785,toDo,8721149597.0
191,191.0,191.0,191.0,191.0,191.0,191.0,191.0,,,,,,,,,D:dota_replay/Teiko/20260308/,http://replay181.valve.net/570/8721065402_68879929.dem.bz2,24.75582695007324,toDo,8721065402.0
192,192.0,192.0,192.0,192.0,192.0,192.0,192.0,,,,,,,,,D:dota_replay/Teiko/20260308/,http://replay181.valve.net/570/8721004895_1471894458.dem.bz2,32.648064613342285,toDo,8721004895.0
193,193.0,193.0,193.0,193.0,193.0,193.0,193.0,,,,,,,,,D:dota_replay/Teiko/20260308/,http://replay181.valve.net/570/8720926300_1537629841.dem.bz2,34.13717079162598,toDo,8720926300.0
194,194.0,194.0,194.0,194.0,194.0,194.0,194.0,,,,,,,,,D:dota_replay/Teiko/20260307/,http://replay181.valve.net/570/8719353476_488081525.dem.bz2,39.15578556060791,toDo,8719353476.0
195,195.0,195.0,195.0,195.0,195.0,195.0,195.0,,,,,,,,,D:dota_replay/Teiko/20260307/,http://replay181.valve.net/570/8719267543_1009127939.dem.bz2,46.22340393066406,toDo,8719267543.0
196,196.0,196.0,196.0,196.0,196.0,196.0,196.0,,,,,,,,,D:dota_replay/Teiko/20260306/,http://replay184.valve.net/570/8717931534_2060113826.dem.bz2,48.9568510055542,toDo,8717931534.0
197,197.0,197.0,197.0,197.0,197.0,197.0,197.0,,,,,,,,,D:dota_replay/Teiko/20260306/,http://replay182.valve.net/570/8717876105_847911653.dem.bz2,22.20045280456543,toDo,8717876105.0
198,198.0,198.0,198.0,198.0,198.0,198.0,198.0,,,,,,,,,D:dota_replay/Teiko/20260306/,http://replay181.valve.net/570/8717823944_1447670174.dem.bz2,27.095633506774902,toDo,8717823944.0
199,199.0,199.0,199.0,199.0,199.0,199.0,199.0,,,,,,,,,D:dota_replay/Teiko/20260306/,http://replay183.valve.net/570/8717763598_1705572283.dem.bz2,70.91403007507324,toDo,8717763598.0
200,200.0,200.0,200.0,200.0,200.0,200.0,200.0,,,,,,,,,D:dota_replay/Teiko/20260306/,http://replay182.valve.net/570/8717701740_529747483.dem.bz2,60.15403938293457,toDo,8717701740.0
201,201.0,201.0,201.0,201.0,201.0,201.0,201.0,,,,,,,,,D:dota_replay/Teiko/20260305/,http://replay182.valve.net/570/8716508554_2079881244.dem.bz2,60.923542976379395,toDo,8716508554.0
202,202.0,202.0,202.0,202.0,202.0,202.0,202.0,,,,,,,,,D:dota_replay/Teiko/20260305/,http://replay185.valve.net/570/8716464284_1271437573.dem.bz2,55.358402252197266,toDo,8716464284.0
203,203.0,203.0,203.0,203.0,203.0,203.0,203.0,,,,,,,,,D:dota_replay/Teiko/20260305/,http://replay185.valve.net/570/8716416063_15807842.dem.bz2,53.248250007629395,toDo,8716416063.0
204,204.0,204.0,204.0,204.0,204.0,204.0,204.0,,,,,,,,,D:dota_replay/Teiko/20260304/,http://replay183.valve.net/570/8715243676_691147277.dem.bz2,26.626330375671387,toDo,8715243676.0
205,205.0,205.0,205.0,205.0,205.0,205.0,205.0,,,,,,,,,D:dota_replay/Teiko/20260304/,http://replay185.valve.net/570/8715184825_898977987.dem.bz2,78.49745273590088,toDo,8715184825.0
206,206.0,206.0,206.0,206.0,206.0,206.0,206.0,,,,,,,,,D:dota_replay/Teiko/20260304/,http://replay184.valve.net/570/8715119260_103375150.dem.bz2,42.24376392364502,toDo,8715119260.0
207,207.0,207.0,207.0,207.0,207.0,207.0,207.0,,,,,,,,,D:dota_replay/Teiko/20260304/,http://replay185.valve.net/570/8715095675_51132142.dem.bz2,30.082697868347168,toDo,8715095675.0
208,208.0,208.0,208.0,208.0,208.0,208.0,208.0,,,,,,,,,D:dota_replay/Teiko/20260303/,http://replay182.valve.net/570/8714159459_1309024910.dem.bz2,40.292335510253906,toDo,8714159459.0
209,209.0,209.0,209.0,209.0,209.0,209.0,209.0,,,,,,,,,D:dota_replay/Teiko/20260303/,http://replay185.valve.net/570/8714103565_926928377.dem.bz2,45.18385410308838,toDo,8714103565.0
210,210.0,210.0,210.0,210.0,210.0,210.0,210.0,,,,,,,,,D:dota_replay/Teiko/20260303/,http://replay183.valve.net/570/8713880699_1779802145.dem.bz2,45.31068229675293,toDo,8713880699.0
211,211.0,211.0,211.0,211.0,211.0,211.0,211.0,,,,,,,,,D:dota_replay/Teiko/20260303/,http://replay181.valve.net/570/8713844351_567757830.dem.bz2,50.4791145324707,toDo,8713844351.0
212,212.0,212.0,212.0,212.0,212.0,212.0,212.0,,,,,,,,,D:dota_replay/Teiko/20260302/,http://replay184.valve.net/570/8712977359_400515074.dem.bz2,67.44065952301025,toDo,8712977359.0
213,213.0,213.0,213.0,213.0,213.0,213.0,213.0,,,,,,,,,D:dota_replay/Teiko/20260302/,http://replay183.valve.net/570/8712904043_1723158212.dem.bz2,40.14819526672363,toDo,8712904043.0
214,214.0,214.0,214.0,214.0,214.0,214.0,214.0,,,,,,,,,D:dota_replay/Teiko/20260302/,http://replay182.valve.net/570/8712821261_2000434876.dem.bz2,54.58321762084961,toDo,8712821261.0
215,215.0,215.0,215.0,215.0,215.0,215.0,215.0,,,,,,,,,D:dota_replay/Teiko/20260302/,http://replay182.valve.net/570/8712759813_304509555.dem.bz2,53.88536834716797,toDo,8712759813.0
216,216.0,216.0,216.0,216.0,216.0,216.0,216.0,,,,,,,,,D:dota_replay/Teiko/20260302/,http://replay182.valve.net/570/8712704481_455104231.dem.bz2,53.49894332885742,toDo,8712704481.0
217,217.0,217.0,217.0,217.0,217.0,217.0,217.0,,,,,,,,,D:dota_replay/Teiko/20260301/,http://replay183.valve.net/570/8711707098_497794680.dem.bz2,51.74867630004883,toDo,8711707098.0
218,218.0,218.0,218.0,218.0,218.0,218.0,218.0,,,,,,,,,,,,,
219,219.0,219.0,219.0,219.0,219.0,219.0,219.0,,,,,,,,,,,,,
220,220.0,220.0,220.0,220.0,220.0,220.0,220.0,,,,,,,,,,,,,
221,221.0,221.0,221.0,221.0,221.0,221.0,221.0,,,,,,,,,,,,,
222,222.0,222.0,222.0,222.0,222.0,222.0,222.0,,,,,,,,,,,,,
223,223.0,223.0,223.0,223.0,223.0,223.0,223.0,,,,,,,,,,,,,
224,224.0,224.0,224.0,224.0,224.0,224.0,224.0,,,,,,,,,,,,,
225,225.0,225.0,225.0,225.0,225.0,225.0,225.0,,,,,,,,,,,,,
226,226.0,226.0,226.0,226.0,226.0,226.0,226.0,,,,,,,,,,,,,
227,227.0,227.0,227.0,227.0,227.0,227.0,227.0,,,,,,,,,,,,,
228,228.0,228.0,228.0,228.0,228.0,228.0,228.0,,,,,,,,,,,,,
229,229.0,229.0,229.0,229.0,229.0,229.0,229.0,,,,,,,,,,,,,
230,230.0,230.0,230.0,230.0,230.0,230.0,230.0,,,,,,,,,,,,,
231,231.0,231.0,231.0,231.0,231.0,231.0,231.0,,,,,,,,,,,,,
232,232.0,232.0,232.0,232.0,232.0,232.0,232.0,,,,,,,,,,,,,
233,233.0,233.0,233.0,233.0,233.0,233.0,233.0,,,,,,,,,,,,,
234,234.0,234.0,234.0,234.0,234.0,234.0,234.0,,,,,,,,,,,,,
235,235.0,235.0,235.0,235.0,235.0,235.0,235.0,,,,,,,,,,,,,
236,236.0,236.0,236.0,236.0,236.0,236.0,236.0,,,,,,,,,,,,,
237,237.0,237.0,237.0,237.0,237.0,237.0,237.0,,,,,,,,,,,,,
238,238.0,238.0,238.0,238.0,238.0,238.0,238.0,,,,,,,,,,,,,
239,239.0,239.0,239.0,239.0,239.0,239.0,239.0,,,,,,,,,,,,,
240,240.0,240.0,240.0,240.0,240.0,240.0,240.0,,,,,,,,,,,,,
241,241.0,241.0,241.0,241.0,241.0,241.0,241.0,,,,,,,,,,,,,
242,242.0,242.0,242.0,242.0,242.0,242.0,242.0,,,,,,,,,,,,,
243,243.0,243.0,243.0,243.0,243.0,243.0,243.0,,,,,,,,,,,,,
244,244.0,244.0,244.0,244.0,244.0,244.0,244.0,,,,,,,,,,,,,
245,245.0,245.0,245.0,245.0,245.0,245.0,245.0,,,,,,,,,,,,,
246,246.0,246.0,246.0,246.0,246.0,246.0,246.0,,,,,,,,,,,,,
247,247.0,247.0,247.0,247.0,247.0,247.0,247.0,,,,,,,,,,,,,
248,248.0,248.0,248.0,248.0,248.0,248.0,248.0,,,,,,,,,,,,,
249,249.0,249.0,249.0,249.0,249.0,249.0,249.0,,,,,,,,,,,,,
250,250.0,250.0,250.0,250.0,250.0,250.0,250.0,,,,,,,,,,,,,
251,251.0,251.0,251.0,251.0,251.0,251.0,251.0,,,,,,,,,D:dota_replay/Teiko/20260204/,http://replay181.valve.net/570/8676574753_1762474554.dem.bz2,47.81228256225586,toDo,8676574753.0
252,252.0,252.0,252.0,252.0,252.0,252.0,252.0,,,,,,,,,D:dota_replay/Teiko/20260204/,http://replay184.valve.net/570/8676538316_1622936291.dem.bz2,25.2983922958374,toDo,8676538316.0
253,253.0,253.0,253.0,253.0,253.0,253.0,253.0,,,,,,,,,D:dota_replay/Teiko/20260203/,http://replay184.valve.net/570/8675275512_1604779473.dem.bz2,40.31052112579346,toDo,8675275512.0
254,254.0,254.0,254.0,254.0,254.0,254.0,254.0,,,,,,,,,D:dota_replay/Teiko/20260201/,http://replay187.valve.net/570/8672955816_930290074.dem.bz2,39.97222423553467,toDo,8672955816.0
255,255.0,255.0,255.0,255.0,255.0,255.0,255.0,,,,,,,,,D:dota_replay/Teiko/20260201/,http://replay181.valve.net/570/8672884465_286576349.dem.bz2,43.096290588378906,toDo,8672884465.0
256,256.0,256.0,256.0,256.0,256.0,,,,,,,,,,,D:dota_replay/Teiko/20260424/,http://replay181.valve.net/570/8783804249_72977617.dem.bz2,73.49866962432861,toDo,8783804249.0
257,257.0,257.0,257.0,257.0,257.0,,,,,,,,,,,D:dota_replay/Teiko/20260424/,http://replay181.valve.net/570/8783765962_1862048316.dem.bz2,51.50069713592529,toDo,8783765962.0
258,258.0,258.0,258.0,258.0,258.0,,,,,,,,,,,D:dota_replay/Teiko/20260424/,http://replay185.valve.net/570/8783730203_1664368018.dem.bz2,48.20453643798828,toDo,8783730203.0
259,259.0,259.0,259.0,259.0,259.0,,,,,,,,,,,D:dota_replay/Teiko/20260424/,http://replay185.valve.net/570/8783694889_1095496825.dem.bz2,46.509461402893066,toDo,8783694889.0
260,260.0,260.0,260.0,260.0,260.0,,,,,,,,,,,D:dota_replay/Teiko/20260424/,http://replay183.valve.net/570/8783664839_1193393584.dem.bz2,48.37624263763428,toDo,8783664839.0
261,261.0,261.0,261.0,261.0,261.0,,,,,,,,,,,D:dota_replay/Teiko/20260423/,http://replay182.valve.net/570/8782421758_927879807.dem.bz2,55.197876930236816,toDo,8782421758.0
262,262.0,262.0,262.0,262.0,262.0,,,,,,,,,,,D:dota_replay/Teiko/20260423/,http://replay185.valve.net/570/8782390301_1412171411.dem.bz2,44.978267669677734,toDo,8782390301.0
263,263.0,263.0,263.0,263.0,263.0,,,,,,,,,,,D:dota_replay/Teiko/20260422/,http://replay182.valve.net/570/8781346934_2016837962.dem.bz2,40.02665042877197,toDo,8781346934.0
264,264.0,264.0,264.0,264.0,264.0,,,,,,,,,,,D:dota_replay/Teiko/20260422/,http://replay185.valve.net/570/8781313180_751247234.dem.bz2,48.79640007019043,toDo,8781313180.0
265,265.0,265.0,265.0,265.0,265.0,,,,,,,,,,,D:dota_replay/Teiko/20260422/,http://replay183.valve.net/570/8781281070_633586035.dem.bz2,41.57911968231201,toDo,8781281070.0
266,266.0,266.0,266.0,266.0,266.0,,,,,,,,,,,D:dota_replay/Teiko/20260422/,http://replay184.valve.net/570/8781247179_81743990.dem.bz2,52.67717933654785,toDo,8781247179.0
267,267.0,267.0,267.0,267.0,267.0,,,,,,,,,,,D:dota_replay/Teiko/20260422/,http://replay187.valve.net/570/8781223905_63196322.dem.bz2,39.92981433868408,toDo,8781223905.0
268,268.0,268.0,268.0,268.0,268.0,,,,,,,,,,,D:dota_replay/Teiko/20260422/,http://replay182.valve.net/570/8781194267_2006442514.dem.bz2,46.53853702545166,toDo,8781194267.0
269,269.0,269.0,269.0,269.0,269.0,,,,,,,,,,,D:dota_replay/Teiko/20260421/,http://replay181.valve.net/570/8780043126_1038647579.dem.bz2,59.78040027618408,toDo,8780043126.0
270,270.0,270.0,270.0,270.0,270.0,,,,,,,,,,,D:dota_replay/Teiko/20260420/,http://replay183.valve.net/570/8778812050_410444718.dem.bz2,40.984107971191406,toDo,8778812050.0
271,271.0,271.0,271.0,271.0,271.0,,,,,,,,,,,D:dota_replay/Teiko/20260420/,http://replay182.valve.net/570/8778781865_1549533835.dem.bz2,52.05290508270264,toDo,8778781865.0
272,272.0,272.0,272.0,272.0,272.0,,,,,,,,,,,D:dota_replay/Teiko/20260420/,http://replay182.valve.net/570/8778743718_1319141513.dem.bz2,51.054582595825195,toDo,8778743718.0
273,273.0,273.0,273.0,273.0,273.0,,,,,,,,,,,D:dota_replay/Teiko/20260420/,http://replay182.valve.net/570/8778724528_1211963147.dem.bz2,27.96274757385254,toDo,8778724528.0
274,274.0,274.0,274.0,274.0,274.0,,,,,,,,,,,D:dota_replay/Teiko/20260410/,http://replay184.valve.net/570/8764497347_371644279.dem.bz2,78.93833255767822,toDo,8764497347.0
275,275.0,275.0,275.0,275.0,275.0,,,,,,,,,,,D:dota_replay/Teiko/20260409/,http://replay182.valve.net/570/8764421693_574424537.dem.bz2,52.30905342102051,toDo,8764421693.0
276,276.0,276.0,276.0,276.0,276.0,,,,,,,,,,,D:dota_replay/Teiko/20260408/,http://replay181.valve.net/570/8762861981_1352209053.dem.bz2,34.74882793426514,toDo,8762861981.0
277,277.0,277.0,277.0,277.0,277.0,,,,,,,,,,,D:dota_replay/Teiko/20260408/,http://replay185.valve.net/570/8762701143_1505010767.dem.bz2,42.45929718017578,toDo,8762701143.0
278,278.0,278.0,278.0,278.0,278.0,,,,,,,,,,,D:dota_replay/Teiko/20260407/,http://replay181.valve.net/570/8761301137_912132209.dem.bz2,49.071563720703125,toDo,8761301137.0
279,279.0,279.0,279.0,279.0,279.0,,,,,,,,,,,D:dota_replay/Teiko/20260221/,http://replay183.valve.net/570/8698940590_77791247.dem.bz2,36.53547382354736,toDo,8698940590.0
280,280.0,280.0,280.0,280.0,280.0,,,,,,,,,,,D:dota_replay/Teiko/20260215/,http://replay182.valve.net/570/8691760838_1751322526.dem.bz2,40.430968284606934,toDo,8691760838.0
281,281.0,281.0,281.0,281.0,281.0,,,,,,,,,,,D:dota_replay/Teiko/20260215/,http://replay187.valve.net/570/8691718067_846141961.dem.bz2,49.001861572265625,toDo,8691718067.0
282,282.0,282.0,282.0,282.0,,,,,,,,,,,,dota_replay/Teiko/20260513/,http://replay183.valve.net/570/8809427453_1610367171.dem.bz2,34.07686233520508,toDo,8809427453.0
283,283.0,283.0,283.0,283.0,,,,,,,,,,,,dota_replay/Teiko/20260513/,http://replay183.valve.net/570/8809366585_909189923.dem.bz2,33.0386381149292,toDo,8809366585.0
284,284.0,284.0,284.0,284.0,,,,,,,,,,,,dota_replay/Teiko/20260513/,http://replay182.valve.net/570/8808641133_39593217.dem.bz2,32.61346912384033,toDo,8808641133.0
285,285.0,285.0,285.0,285.0,,,,,,,,,,,,dota_replay/Teiko/20260513/,http://replay185.valve.net/570/8808578800_26812079.dem.bz2,64.47992038726807,toDo,8808578800.0
286,286.0,286.0,286.0,286.0,,,,,,,,,,,,dota_replay/Teiko/20260513/,http://replay185.valve.net/570/8808475732_454099668.dem.bz2,61.06367015838623,toDo,8808475732.0
287,287.0,287.0,287.0,287.0,,,,,,,,,,,,dota_replay/Teiko/20260513/,http://replay184.valve.net/570/8808378205_1557093288.dem.bz2,46.991111755371094,toDo,8808378205.0
288,288.0,288.0,288.0,288.0,,,,,,,,,,,,dota_replay/Teiko/20260512/,http://replay182.valve.net/570/8808291186_1843453634.dem.bz2,43.372517585754395,toDo,8808291186.0
289,289.0,289.0,289.0,289.0,,,,,,,,,,,,dota_replay/Teiko/20260301/,http://replay182.valve.net/570/8711594408_372424624.dem.bz2,49.74384117126465,toDo,8711594408.0
290,290.0,290.0,290.0,290.0,,,,,,,,,,,,dota_replay/Teiko/20260301/,http://replay184.valve.net/570/8711459215_358776609.dem.bz2,60.25029373168945,toDo,8711459215.0
291,291.0,291.0,291.0,291.0,,,,,,,,,,,,dota_replay/Teiko/20260301/,http://replay182.valve.net/570/8711382520_1116084781.dem.bz2,48.83603572845459,toDo,8711382520.0
292,292.0,292.0,292.0,292.0,,,,,,,,,,,,dota_replay/Teiko/20260301/,http://replay181.valve.net/570/8711329239_1295234390.dem.bz2,29.368962287902832,toDo,8711329239.0
293,293.0,293.0,293.0,293.0,,,,,,,,,,,,dota_replay/Teiko/20260228/,http://replay183.valve.net/570/8710140174_805593036.dem.bz2,89.92313957214355,toDo,8710140174.0
294,294.0,294.0,294.0,294.0,,,,,,,,,,,,dota_replay/Teiko/20260227/,http://replay184.valve.net/570/8708422800_30483171.dem.bz2,40.72381591796875,toDo,8708422800.0
295,295.0,295.0,295.0,295.0,,,,,,,,,,,,dota_replay/Teiko/20260227/,http://replay185.valve.net/570/8708355842_1266181326.dem.bz2,42.796573638916016,toDo,8708355842.0
296,296.0,296.0,296.0,296.0,,,,,,,,,,,,dota_replay/Teiko/20260227/,http://replay183.valve.net/570/8707566393_1994428135.dem.bz2,29.098397254943848,toDo,8707566393.0
297,297.0,297.0,297.0,297.0,,,,,,,,,,,,dota_replay/Teiko/20260227/,http://replay185.valve.net/570/8707518814_2129414058.dem.bz2,30.83623218536377,toDo,8707518814.0
298,298.0,298.0,298.0,298.0,,,,,,,,,,,,dota_replay/Teiko/20260227/,http://replay181.valve.net/570/8707441282_27074435.dem.bz2,38.30522155761719,toDo,8707441282.0
299,299.0,299.0,299.0,299.0,,,,,,,,,,,,dota_replay/Teiko/20260226/,http://replay183.valve.net/570/8707316546_864795060.dem.bz2,60.20387268066406,toDo,8707316546.0
300,300.0,300.0,300.0,300.0,,,,,,,,,,,,dota_replay/Teiko/20260226/,http://replay182.valve.net/570/8707253255_621703423.dem.bz2,34.45595073699951,toDo,8707253255.0
301,301.0,301.0,301.0,301.0,,,,,,,,,,,,dota_replay/Teiko/20260226/,http://replay182.valve.net/570/8707168398_830239746.dem.bz2,43.09901809692383,toDo,8707168398.0
302,302.0,302.0,302.0,302.0,,,,,,,,,,,,dota_replay/Teiko/20260226/,http://replay185.valve.net/570/8707102181_339311357.dem.bz2,41.172983169555664,toDo,8707102181.0
303,303.0,303.0,303.0,303.0,,,,,,,,,,,,dota_replay/Teiko/20260226/,http://replay182.valve.net/570/8707031803_389958359.dem.bz2,53.77223300933838,toDo,8707031803.0
304,304.0,304.0,304.0,304.0,,,,,,,,,,,,dota_replay/Teiko/20260226/,http://replay184.valve.net/570/8706958552_2106968502.dem.bz2,63.89299488067627,toDo,8706958552.0
305,305.0,305.0,305.0,305.0,,,,,,,,,,,,dota_replay/Teiko/20260224/,http://replay181.valve.net/570/8703800989_2083229605.dem.bz2,45.72637176513672,toDo,8703800989.0
306,306.0,306.0,306.0,306.0,,,,,,,,,,,,dota_replay/Teiko/20260224/,http://replay181.valve.net/570/8703742048_128442446.dem.bz2,47.526936531066895,toDo,8703742048.0
307,307.0,307.0,307.0,307.0,,,,,,,,,,,,dota_replay/Teiko/20260224/,http://replay186.valve.net/570/8703646763_1399487406.dem.bz2,84.95388221740723,toDo,8703646763.0
308,308.0,308.0,308.0,308.0,,,,,,,,,,,,dota_replay/Teiko/20260223/,http://replay186.valve.net/570/8703176319_187766184.dem.bz2,35.03002738952637,toDo,8703176319.0
309,309.0,309.0,309.0,309.0,,,,,,,,,,,,dota_replay/Teiko/20260223/,http://replay181.valve.net/570/8703080360_1276833466.dem.bz2,77.02523231506348,toDo,8703080360.0
310,310.0,310.0,310.0,310.0,,,,,,,,,,,,dota_replay/Teiko/20260223/,http://replay184.valve.net/570/8703008401_914483272.dem.bz2,45.17230701446533,toDo,8703008401.0
311,311.0,311.0,311.0,311.0,,,,,,,,,,,,dota_replay/Teiko/20260223/,http://replay183.valve.net/570/8702942647_1386026621.dem.bz2,62.116915702819824,toDo,8702942647.0
312,312.0,312.0,312.0,312.0,,,,,,,,,,,,dota_replay/Teiko/20260223/,http://replay183.valve.net/570/8702884259_674781830.dem.bz2,53.24233627319336,toDo,8702884259.0
313,313.0,313.0,313.0,313.0,,,,,,,,,,,,dota_replay/Teiko/20260221/,http://replay181.valve.net/570/8700156650_1464715490.dem.bz2,34.63562870025635,toDo,8700156650.0
314,314.0,314.0,314.0,314.0,,,,,,,,,,,,dota_replay/Teiko/20260221/,http://replay181.valve.net/570/8700030497_1197196825.dem.bz2,43.03372001647949,toDo,8700030497.0
315,315.0,315.0,315.0,315.0,,,,,,,,,,,,dota_replay/Teiko/20260221/,http://replay184.valve.net/570/8699754227_151446979.dem.bz2,28.104944229125977,toDo,8699754227.0
316,316.0,316.0,316.0,316.0,,,,,,,,,,,,dota_replay/Teiko/20260221/,http://replay181.valve.net/570/8699718238_1347393927.dem.bz2,31.693001747131348,toDo,8699718238.0
317,317.0,317.0,317.0,317.0,,,,,,,,,,,,dota_replay/Teiko/20260210/,http://replay182.valve.net/570/8684712451_1402573773.dem.bz2,42.67656898498535,toDo,8684712451.0
318,318.0,318.0,318.0,318.0,,,,,,,,,,,,dota_replay/Teiko/20260210/,http://replay181.valve.net/570/8684662190_1145208334.dem.bz2,41.309776306152344,toDo,8684662190.0
319,319.0,319.0,319.0,319.0,,,,,,,,,,,,dota_replay/Teiko/20260207/,http://replay187.valve.net/570/8680149451_8572991.dem.bz2,61.60635566711426,toDo,8680149451.0
320,320.0,320.0,320.0,320.0,,,,,,,,,,,,dota_replay/Teiko/20260205/,http://replay181.valve.net/570/8678386179_1379102374.dem.bz2,33.27888488769531,toDo,8678386179.0
321,321.0,321.0,321.0,321.0,,,,,,,,,,,,dota_replay/Teiko/20260205/,http://replay182.valve.net/570/8678321467_338270498.dem.bz2,61.20499515533447,toDo,8678321467.0
322,322.0,322.0,322.0,,,,,,,,,,,,,dota_replay/Teiko/20260512/,http://replay184.valve.net/570/8808022518_636106110.dem.bz2,38.33052062988281,toDo,8808022518.0
323,323.0,323.0,323.0,,,,,,,,,,,,,dota_replay/Teiko/20260512/,http://replay182.valve.net/570/8807964827_182622965.dem.bz2,58.878265380859375,toDo,8807964827.0
