,Unnamed: 0.6,Unnamed: 0.5,Unnamed: 0.4,Unnamed: 0.3,Unnamed: 0.2,Unnamed: 0.1,Unnamed: 0,replay_dir_path,replay_url,size,status,match_id
0,0.0,0.0,0.0,0.0,0.0,0.0,0.0,D:dota_replay/Tundra Esports/20260421/,http://replay192.valve.net/570/8779658823_723020252.dem.bz2,74.05247592926025,toDo,8779658823
1,1.0,1.0,1.0,1.0,1.0,1.0,1.0,D:dota_replay/Tundra Esports/20260421/,http://replay193.valve.net/570/8779574003_135616114.dem.bz2,95.89119148254396,toDo,8779574003
2,2.0,2.0,2.0,2.0,2.0,2.0,2.0,D:dota_replay/Tundra Esports/20260421/,http://replay193.valve.net/570/8779491334_1657941892.dem.bz2,84.14861488342285,toDo,8779491334
3,3.0,3.0,3.0,3.0,3.0,3.0,3.0,D:dota_replay/Tundra Esports/20260420/,http://replay193.valve.net/570/8778252071_230243799.dem.bz2,105.1266279220581,toDo,8778252071
4,4.0,4.0,4.0,4.0,4.0,4.0,4.0,D:dota_replay/Tundra Esports/20260420/,http://replay191.valve.net/570/8778168822_1545842367.dem.bz2,71.49171447753906,toDo,8778168822
5,5.0,5.0,5.0,5.0,5.0,5.0,5.0,D:dota_replay/Tundra Esports/20260419/,http://replay193.valve.net/570/8778074211_124631498.dem.bz2,75.74394035339355,toDo,8778074211
6,6.0,6.0,6.0,6.0,6.0,6.0,6.0,D:dota_replay/Tundra Esports/20260419/,http://replay193.valve.net/570/8776815882_977221770.dem.bz2,63.08360958099365,toDo,8776815882
7,7.0,7.0,7.0,7.0,7.0,7.0,7.0,D:dota_replay/Tundra Esports/20260419/,http://replay191.valve.net/570/8776679266_335686605.dem.bz2,134.8858404159546,toDo,8776679266
8,8.0,8.0,8.0,8.0,8.0,8.0,8.0,D:dota_replay/Tundra Esports/20260418/,http://replay192.valve.net/570/8776583882_899001562.dem.bz2,71.91420650482178,toDo,8776583882
9,9.0,9.0,9.0,9.0,9.0,9.0,9.0,D:dota_replay/Tundra Esports/20260330/,http://replay273.valve.net/570/8749655300_1124889914.dem.bz2,86.6277208328247,toDo,8749655300
10,10.0,10.0,10.0,10.0,10.0,10.0,10.0,D:dota_replay/Tundra Esports/20260330/,http://replay271.valve.net/570/8749533801_729657643.dem.bz2,120.18446445465088,toDo,8749533801
11,11.0,11.0,11.0,11.0,11.0,11.0,11.0,D:dota_replay/Tundra Esports/20260330/,http://replay274.valve.net/570/8749401157_88295810.dem.bz2,185.376766204834,toDo,8749401157
12,12.0,12.0,12.0,12.0,12.0,12.0,12.0,D:dota_replay/Tundra Esports/20260329/,http://replay272.valve.net/570/8749290937_1328861266.dem.bz2,117.55637073516846,toDo,8749290937
13,13.0,13.0,13.0,13.0,13.0,13.0,13.0,D:dota_replay/Tundra Esports/20260329/,http://replay274.valve.net/570/8747822091_2126157652.dem.bz2,79.72785091400146,toDo,8747822091
14,14.0,14.0,14.0,14.0,14.0,14.0,14.0,D:dota_replay/Tundra Esports/20260328/,http://replay274.valve.net/570/8747660830_1979609733.dem.bz2,129.63477993011475,toDo,8747660830
15,15.0,15.0,15.0,15.0,15.0,15.0,15.0,D:dota_replay/Tundra Esports/20260327/,http://replay271.valve.net/570/8745090204_607422021.dem.bz2,132.06101417541504,toDo,8745090204
16,16.0,16.0,16.0,16.0,16.0,16.0,16.0,D:dota_replay/Tundra Esports/20260327/,http://replay273.valve.net/570/8744971178_1988665305.dem.bz2,159.59429550170898,toDo,8744971178
17,17.0,17.0,17.0,17.0,17.0,17.0,17.0,D:dota_replay/Tundra Esports/20260327/,http://replay272.valve.net/570/8744876410_1336733201.dem.bz2,109.41811656951904,toDo,8744876410
18,18.0,18.0,18.0,18.0,18.0,18.0,18.0,D:dota_replay/Tundra Esports/20260325/,http://replay273.valve.net/570/8743235152_1827778296.dem.bz2,44.06272792816162,toDo,8743235152
19,19.0,19.0,19.0,19.0,19.0,19.0,19.0,D:dota_replay/Tundra Esports/20260325/,http://replay273.valve.net/570/8743150184_118786843.dem.bz2,45.00566387176514,toDo,8743150184
20,20.0,20.0,20.0,20.0,20.0,20.0,20.0,D:dota_replay/Tundra Esports/20260324/,http://replay274.valve.net/570/8742124178_1677005694.dem.bz2,181.48885536193848,toDo,8742124178
21,21.0,21.0,21.0,21.0,21.0,21.0,21.0,D:dota_replay/Tundra Esports/20260324/,http://replay271.valve.net/570/8742051676_176607222.dem.bz2,72.19093799591064,toDo,8742051676
22,22.0,22.0,22.0,22.0,22.0,22.0,22.0,D:dota_replay/Tundra Esports/20260324/,http://replay274.valve.net/570/8741931257_1508266434.dem.bz2,126.62060642242432,toDo,8741931257
23,23.0,23.0,23.0,23.0,23.0,23.0,23.0,D:dota_replay/Tundra Esports/20260324/,http://replay271.valve.net/570/8741845660_990375914.dem.bz2,105.04763317108154,toDo,8741845660
24,24.0,24.0,24.0,24.0,24.0,24.0,24.0,D:dota_replay/Tundra Esports/20260324/,http://replay273.valve.net/570/8740976908_869916976.dem.bz2,147.3581018447876,toDo,8740976908
25,25.0,25.0,25.0,25.0,25.0,25.0,25.0,D:dota_replay/Tundra Esports/20260323/,http://replay272.valve.net/570/8740872334_1930006321.dem.bz2,130.22876167297363,toDo,8740872334
26,26.0,26.0,26.0,26.0,26.0,26.0,26.0,D:dota_replay/Tundra Esports/20260323/,http://replay274.valve.net/570/8740724446_190803438.dem.bz2,105.60385704040527,toDo,8740724446
27,27.0,27.0,27.0,27.0,27.0,27.0,27.0,D:dota_replay/Tundra Esports/20260323/,http://replay271.valve.net/570/8740635173_690370294.dem.bz2,129.64368152618408,toDo,8740635173
28,28.0,28.0,28.0,28.0,28.0,28.0,28.0,D:dota_replay/Tundra Esports/20260322/,http://replay273.valve.net/570/8739662427_1950284321.dem.bz2,116.43222522735596,toDo,8739662427
29,29.0,29.0,29.0,29.0,29.0,29.0,29.0,D:dota_replay/Tundra Esports/20260322/,http://replay271.valve.net/570/8739563995_999781531.dem.bz2,92.49896812438963,toDo,8739563995
30,30.0,30.0,30.0,30.0,30.0,30.0,30.0,D:dota_replay/Tundra Esports/20260322/,http://replay273.valve.net/570/8739448492_2079786501.dem.bz2,89.25146484375,toDo,8739448492
31,31.0,31.0,31.0,31.0,31.0,31.0,31.0,D:dota_replay/Tundra Esports/20260322/,http://replay273.valve.net/570/8739322940_625220186.dem.bz2,152.39519882202148,toDo,8739322940
32,32.0,32.0,32.0,32.0,32.0,32.0,32.0,D:dota_replay/Tundra Esports/20260314/,http://replay191.valve.net/570/8728298716_1829141127.dem.bz2,113.63029766082764,toDo,8728298716
33,33.0,33.0,33.0,33.0,33.0,33.0,33.0,D:dota_replay/Tundra Esports/20260314/,http://replay193.valve.net/570/8728226716_1880466515.dem.bz2,115.4795331954956,toDo,8728226716
34,34.0,34.0,34.0,34.0,34.0,34.0,34.0,D:dota_replay/Tundra Esports/20260313/,http://replay191.valve.net/570/8727184011_880485807.dem.bz2,106.24474143981934,toDo,8727184011
35,35.0,35.0,35.0,35.0,35.0,35.0,35.0,D:dota_replay/Tundra Esports/20260313/,http://replay192.valve.net/570/8727085868_2044044305.dem.bz2,121.59736824035645,toDo,8727085868
36,36.0,36.0,36.0,36.0,36.0,36.0,36.0,D:dota_replay/Tundra Esports/20260313/,http://replay191.valve.net/570/8727000120_501491314.dem.bz2,123.57286739349364,toDo,8727000120
37,37.0,37.0,37.0,37.0,37.0,37.0,37.0,D:dota_replay/Tundra Esports/20260313/,http://replay191.valve.net/570/8726310679_2130399923.dem.bz2,87.17487621307373,toDo,8726310679
38,38.0,38.0,38.0,38.0,38.0,38.0,38.0,D:dota_replay/Tundra Esports/20260313/,http://replay192.valve.net/570/8726240884_629671565.dem.bz2,95.51632976531982,toDo,8726240884
39,39.0,39.0,39.0,39.0,39.0,39.0,39.0,D:dota_replay/Tundra Esports/20260313/,http://replay193.valve.net/570/8726165528_582589307.dem.bz2,92.95725154876708,toDo,8726165528
40,40.0,40.0,40.0,40.0,40.0,40.0,40.0,D:dota_replay/Tundra Esports/20260312/,http://replay191.valve.net/570/8724909631_327483747.dem.bz2,129.69342803955078,toDo,8724909631
41,41.0,41.0,41.0,41.0,41.0,41.0,41.0,D:dota_replay/Tundra Esports/20260311/,http://replay192.valve.net/570/8724788453_1142767067.dem.bz2,153.0154275894165,toDo,8724788453
42,42.0,42.0,42.0,42.0,42.0,42.0,42.0,D:dota_replay/Tundra Esports/20260311/,http://replay193.valve.net/570/8724677097_634888285.dem.bz2,137.28778171539307,toDo,8724677097
43,43.0,43.0,43.0,43.0,43.0,43.0,43.0,D:dota_replay/Tundra Esports/20260311/,http://replay193.valve.net/570/8723682107_1046519783.dem.bz2,120.40044784545898,toDo,8723682107
44,44.0,44.0,44.0,44.0,44.0,44.0,44.0,D:dota_replay/Tundra Esports/20260310/,http://replay193.valve.net/570/8723594304_1259277063.dem.bz2,121.85071468353271,toDo,8723594304
45,45.0,45.0,45.0,45.0,45.0,45.0,45.0,D:dota_replay/Tundra Esports/20260310/,http://replay192.valve.net/570/8723481092_1096709193.dem.bz2,171.7700481414795,toDo,8723481092
46,46.0,46.0,46.0,46.0,46.0,46.0,46.0,D:dota_replay/Tundra Esports/20260309/,http://replay273.valve.net/570/8722020996_2089985352.dem.bz2,94.6866626739502,toDo,8722020996
47,47.0,47.0,47.0,47.0,47.0,47.0,47.0,D:dota_replay/Tundra Esports/20260309/,http://replay272.valve.net/570/8721978267_1479031701.dem.bz2,69.92708778381348,toDo,8721978267
48,48.0,48.0,48.0,48.0,48.0,48.0,48.0,D:dota_replay/Tundra Esports/20260309/,http://replay273.valve.net/570/8721929300_712701593.dem.bz2,113.62687873840332,toDo,8721929300
49,49.0,49.0,49.0,49.0,49.0,49.0,49.0,D:dota_replay/Tundra Esports/20260309/,http://replay193.valve.net/570/8721178344_19865177.dem.bz2,155.35153484344482,toDo,8721178344
50,50.0,50.0,50.0,50.0,50.0,50.0,50.0,D:dota_replay/Tundra Esports/20260308/,http://replay193.valve.net/570/8721082163_1028642176.dem.bz2,118.53432369232178,toDo,8721082163
51,51.0,51.0,51.0,51.0,51.0,51.0,51.0,D:dota_replay/Tundra Esports/20260308/,http://replay192.valve.net/570/8720015970_1275236553.dem.bz2,80.6268196105957,toDo,8720015970
52,52.0,52.0,52.0,52.0,52.0,52.0,52.0,D:dota_replay/Tundra Esports/20260308/,http://replay192.valve.net/570/8719940770_1874990798.dem.bz2,77.4082841873169,toDo,8719940770
53,53.0,53.0,53.0,53.0,53.0,53.0,53.0,D:dota_replay/Tundra Esports/20260308/,http://replay192.valve.net/570/8719863795_861245211.dem.bz2,70.4986982345581,toDo,8719863795
54,54.0,54.0,54.0,54.0,54.0,54.0,54.0,D:dota_replay/Tundra Esports/20260302/,http://replay273.valve.net/570/8712056091_277853076.dem.bz2,154.44444370269775,toDo,8712056091
55,55.0,55.0,55.0,55.0,55.0,55.0,55.0,D:dota_replay/Tundra Esports/20260302/,http://replay274.valve.net/570/8711970053_1514700126.dem.bz2,92.71330165863036,toDo,8711970053
56,56.0,56.0,56.0,56.0,56.0,56.0,56.0,D:dota_replay/Tundra Esports/20260302/,http://replay272.valve.net/570/8711885801_1915394400.dem.bz2,83.96473217010498,toDo,8711885801
57,57.0,57.0,57.0,57.0,57.0,57.0,57.0,D:dota_replay/Tundra Esports/20260301/,http://replay271.valve.net/570/8711768658_1343344225.dem.bz2,118.20941066741943,toDo,8711768658
58,58.0,58.0,58.0,58.0,58.0,58.0,58.0,D:dota_replay/Tundra Esports/20260301/,http://replay274.valve.net/570/8710481024_1541570147.dem.bz2,108.31480884552002,toDo,8710481024
59,59.0,59.0,59.0,59.0,59.0,59.0,59.0,D:dota_replay/Tundra Esports/20260301/,http://replay273.valve.net/570/8710371476_1918566681.dem.bz2,122.7221736907959,toDo,8710371476
60,60.0,60.0,60.0,60.0,60.0,60.0,60.0,D:dota_replay/Tundra Esports/20260227/,http://replay273.valve.net/570/8708443393_1957345605.dem.bz2,116.39864253997804,toDo,8708443393
61,61.0,61.0,61.0,61.0,61.0,61.0,61.0,D:dota_replay/Tundra Esports/20260227/,http://replay272.valve.net/570/8708368779_370917515.dem.bz2,85.76936912536621,toDo,8708368779
62,62.0,62.0,62.0,62.0,62.0,62.0,62.0,D:dota_replay/Tundra Esports/20260227/,http://replay272.valve.net/570/8708293887_1389369703.dem.bz2,129.3574924468994,toDo,8708293887
63,63.0,63.0,63.0,63.0,63.0,63.0,63.0,D:dota_replay/Tundra Esports/20260226/,http://replay272.valve.net/570/8707134142_1811225828.dem.bz2,107.2036066055298,toDo,8707134142
64,64.0,64.0,64.0,64.0,64.0,64.0,64.0,D:dota_replay/Tundra Esports/20260226/,http://replay272.valve.net/570/8707039268_914340814.dem.bz2,129.77031898498535,toDo,8707039268
65,65.0,65.0,65.0,65.0,65.0,65.0,65.0,D:dota_replay/Tundra Esports/20260226/,http://replay273.valve.net/570/8706982309_1266919879.dem.bz2,84.12984371185303,toDo,8706982309
66,66.0,66.0,66.0,66.0,66.0,66.0,66.0,D:dota_replay/Tundra Esports/20260226/,http://replay274.valve.net/570/8706393740_1144938002.dem.bz2,90.30072689056396,toDo,8706393740
67,67.0,67.0,67.0,67.0,67.0,67.0,67.0,D:dota_replay/Tundra Esports/20260226/,http://replay273.valve.net/570/8706315543_717434100.dem.bz2,98.8313398361206,toDo,8706315543
68,68.0,68.0,68.0,68.0,68.0,68.0,68.0,D:dota_replay/Tundra Esports/20260224/,http://replay274.valve.net/570/8704436647_1944448611.dem.bz2,103.2817611694336,toDo,8704436647
69,69.0,69.0,69.0,69.0,69.0,69.0,69.0,D:dota_replay/Tundra Esports/20260224/,http://replay274.valve.net/570/8704372110_1778323679.dem.bz2,82.82007503509521,toDo,8704372110
70,70.0,70.0,70.0,70.0,70.0,70.0,70.0,D:dota_replay/Tundra Esports/20260224/,http://replay273.valve.net/570/8703682176_509959866.dem.bz2,159.2825803756714,toDo,8703682176
71,71.0,71.0,71.0,71.0,71.0,71.0,71.0,D:dota_replay/Tundra Esports/20260224/,http://replay273.valve.net/570/8703596234_567040745.dem.bz2,78.41627788543701,toDo,8703596234
72,72.0,72.0,72.0,72.0,72.0,72.0,72.0,D:dota_replay/Tundra Esports/20260224/,http://replay274.valve.net/570/8703518862_2075612802.dem.bz2,59.97597122192383,toDo,8703518862
73,73.0,73.0,73.0,73.0,73.0,73.0,73.0,D:dota_replay/Tundra Esports/20260222/,http://replay274.valve.net/570/8701817219_46116785.dem.bz2,103.64127254486084,toDo,8701817219
74,74.0,74.0,74.0,74.0,74.0,74.0,74.0,D:dota_replay/Tundra Esports/20260222/,http://replay271.valve.net/570/8701666212_349216660.dem.bz2,123.3961820602417,toDo,8701666212
75,75.0,75.0,75.0,75.0,75.0,75.0,75.0,D:dota_replay/Tundra Esports/20260221/,http://replay272.valve.net/570/8700287136_1335134600.dem.bz2,63.92843723297119,toDo,8700287136
76,76.0,76.0,76.0,76.0,76.0,76.0,76.0,D:dota_replay/Tundra Esports/20260221/,http://replay272.valve.net/570/8700166436_1801747295.dem.bz2,93.77056312561037,toDo,8700166436
77,77.0,77.0,77.0,77.0,77.0,77.0,77.0,D:dota_replay/Tundra Esports/20260221/,http://replay274.valve.net/570/8700062110_197871703.dem.bz2,71.62988662719727,toDo,8700062110
78,78.0,78.0,78.0,78.0,78.0,78.0,78.0,D:dota_replay/Tundra Esports/20260220/,http://replay271.valve.net/570/8698668899_1735849567.dem.bz2,100.16139221191406,toDo,8698668899
79,79.0,79.0,79.0,79.0,79.0,79.0,79.0,D:dota_replay/Tundra Esports/20260220/,http://replay271.valve.net/570/8698519674_1288710422.dem.bz2,139.26601123809814,toDo,8698519674
80,80.0,80.0,80.0,80.0,80.0,80.0,80.0,D:dota_replay/Tundra Esports/20260220/,http://replay272.valve.net/570/8697750242_2074642678.dem.bz2,110.48862552642822,toDo,8697750242
81,81.0,81.0,81.0,81.0,81.0,81.0,81.0,D:dota_replay/Tundra Esports/20260220/,http://replay273.valve.net/570/8697681037_1343712245.dem.bz2,117.5203733444214,toDo,8697681037
82,82.0,82.0,82.0,82.0,82.0,82.0,82.0,D:dota_replay/Tundra Esports/20260219/,http://replay274.valve.net/570/8697328519_331080023.dem.bz2,65.86422824859619,toDo,8697328519
83,83.0,83.0,83.0,83.0,83.0,83.0,83.0,D:dota_replay/Tundra Esports/20260219/,http://replay273.valve.net/570/8697256357_964331933.dem.bz2,44.01156139373779,toDo,8697256357
84,84.0,84.0,84.0,84.0,84.0,84.0,84.0,D:dota_replay/Tundra Esports/20260219/,http://replay273.valve.net/570/8696528491_1692137598.dem.bz2,94.5541877746582,toDo,8696528491
85,85.0,85.0,85.0,85.0,85.0,85.0,85.0,D:dota_replay/Tundra Esports/20260219/,http://replay272.valve.net/570/8696428864_375677.dem.bz2,127.4667558670044,toDo,8696428864
86,86.0,86.0,86.0,86.0,86.0,86.0,86.0,D:dota_replay/Tundra Esports/20260218/,http://replay271.valve.net/570/8696105036_1221476345.dem.bz2,93.65409755706789,toDo,8696105036
87,87.0,87.0,87.0,87.0,87.0,87.0,87.0,D:dota_replay/Tundra Esports/20260218/,http://replay272.valve.net/570/8696016706_1819952697.dem.bz2,108.3986291885376,toDo,8696016706
88,88.0,88.0,88.0,88.0,88.0,88.0,88.0,D:dota_replay/Tundra Esports/20260218/,http://replay271.valve.net/570/8695336368_578152488.dem.bz2,169.765606880188,toDo,8695336368
89,89.0,89.0,89.0,89.0,89.0,89.0,89.0,D:dota_replay/Tundra Esports/20260218/,http://replay271.valve.net/570/8695261608_496092070.dem.bz2,73.60350227355957,toDo,8695261608
90,90.0,90.0,90.0,90.0,90.0,90.0,90.0,D:dota_replay/Tundra Esports/20260217/,http://replay272.valve.net/570/8694016846_1107623610.dem.bz2,76.2519474029541,toDo,8694016846
91,91.0,91.0,91.0,91.0,91.0,91.0,91.0,D:dota_replay/Tundra Esports/20260217/,http://replay272.valve.net/570/8693948351_566568735.dem.bz2,55.88675594329834,toDo,8693948351
92,92.0,92.0,92.0,92.0,92.0,92.0,92.0,D:dota_replay/Tundra Esports/20260208/,http://replay274.valve.net/570/8683127512_2093143154.dem.bz2,103.59189319610596,toDo,8683127512
93,93.0,93.0,93.0,93.0,93.0,93.0,93.0,D:dota_replay/Tundra Esports/20260208/,http://replay274.valve.net/570/8682972538_1781324480.dem.bz2,161.17708587646484,toDo,8682972538
94,94.0,94.0,94.0,94.0,94.0,94.0,94.0,D:dota_replay/Tundra Esports/20260206/,http://replay271.valve.net/570/8679084070_419712565.dem.bz2,117.97849178314208,toDo,8679084070
95,95.0,95.0,95.0,95.0,95.0,95.0,95.0,D:dota_replay/Tundra Esports/20260205/,http://replay272.valve.net/570/8678737586_2136301554.dem.bz2,121.9410285949707,toDo,8678737586
96,96.0,96.0,96.0,96.0,96.0,96.0,96.0,D:dota_replay/Tundra Esports/20260205/,http://replay271.valve.net/570/8678580370_1162921639.dem.bz2,114.23685932159424,toDo,8678580370
97,97.0,97.0,97.0,97.0,97.0,97.0,97.0,D:dota_replay/Tundra Esports/20260205/,http://replay274.valve.net/570/8678359390_2039103900.dem.bz2,82.43624114990234,toDo,8678359390
98,98.0,98.0,98.0,98.0,98.0,98.0,98.0,D:dota_replay/Tundra Esports/20260205/,http://replay272.valve.net/570/8677839869_1214242816.dem.bz2,98.5240592956543,toDo,8677839869
99,99.0,99.0,99.0,99.0,99.0,99.0,99.0,D:dota_replay/Tundra Esports/20260205/,http://replay272.valve.net/570/8677589717_782277644.dem.bz2,100.0598440170288,toDo,8677589717
100,100.0,100.0,100.0,100.0,100.0,100.0,100.0,D:dota_replay/Tundra Esports/20260204/,http://replay271.valve.net/570/8677265480_1425355821.dem.bz2,99.21254634857178,toDo,8677265480
101,101.0,101.0,101.0,101.0,101.0,101.0,101.0,D:dota_replay/Tundra Esports/20260204/,http://replay272.valve.net/570/8677045357_990586653.dem.bz2,101.68948554992676,toDo,8677045357
102,102.0,102.0,102.0,102.0,102.0,102.0,102.0,D:dota_replay/Tundra Esports/20260204/,http://replay273.valve.net/570/8676333293_1624960184.dem.bz2,110.47807121276855,toDo,8676333293
103,103.0,103.0,103.0,103.0,103.0,103.0,103.0,D:dota_replay/Tundra Esports/20260203/,http://replay272.valve.net/570/8676043517_1514762722.dem.bz2,100.66949653625488,toDo,8676043517
104,104.0,104.0,104.0,104.0,104.0,104.0,104.0,D:dota_replay/Tundra Esports/20260203/,http://replay274.valve.net/570/8675768384_1114772411.dem.bz2,139.62280464172363,toDo,8675768384
105,105.0,105.0,105.0,,,,,D:dota_replay/Tundra Esports/20260509/,http://replay274.valve.net/570/8803798979_1529042335.dem.bz2,50.90810489654541,toDo,8803798979
106,106.0,106.0,106.0,,,,,D:dota_replay/Tundra Esports/20260509/,http://replay274.valve.net/570/8803706352_532742649.dem.bz2,104.39055728912354,toDo,8803706352
107,107.0,107.0,107.0,,,,,D:dota_replay/Tundra Esports/20260509/,http://replay273.valve.net/570/8802982182_348055320.dem.bz2,79.08387470245361,toDo,8802982182
108,108.0,108.0,108.0,,,,,D:dota_replay/Tundra Esports/20260509/,http://replay274.valve.net/570/8802892505_120459280.dem.bz2,68.4081563949585,toDo,8802892505
109,109.0,109.0,109.0,,,,,D:dota_replay/Tundra Esports/20260508/,http://replay271.valve.net/570/8802755227_1034956934.dem.bz2,92.16678142547607,toDo,8802755227
110,,,,,,,,dota_replay/Tundra Esports/20260514/,http://replay274.valve.net/570/8809600367_332929692.dem.bz2,118.61224460601807,toDo,8809600367
111,,,,,,,,dota_replay/Tundra Esports/20260513/,http://replay274.valve.net/570/8809504168_777574777.dem.bz2,117.29790210723877,toDo,8809504168
112,,,,,,,,dota_replay/Tundra Esports/20260513/,http://replay272.valve.net/570/8809412954_583302476.dem.bz2,91.9035415649414,toDo,8809412954
