,Unnamed: 0.11,Unnamed: 0.10,Unnamed: 0.9,Unnamed: 0.8,Unnamed: 0.7,Unnamed: 0.6,Unnamed: 0.5,Unnamed: 0.4,Unnamed: 0.3,Unnamed: 0.2,Unnamed: 0.1,Unnamed: 0,replay_dir_path,replay_url,size,status,match_id
0,0.0,0.0,0.0,0.0,0.0,0.0,0.0,0.0,0.0,0.0,0.0,,D:dota_replay/Virtus.pro/20260421/,http://replay191.valve.net/570/8780527869_1620952906.dem.bz2,86.02134418487549,toDo,8780527869
1,1.0,1.0,1.0,1.0,1.0,1.0,1.0,1.0,1.0,1.0,1.0,,D:dota_replay/Virtus.pro/20260421/,http://replay191.valve.net/570/8780428772_1836752976.dem.bz2,88.47058200836182,toDo,8780428772
2,2.0,2.0,2.0,2.0,2.0,2.0,2.0,2.0,2.0,2.0,2.0,,D:dota_replay/Virtus.pro/20260421/,http://replay191.valve.net/570/8780342142_540879188.dem.bz2,82.63012981414795,toDo,8780342142
3,3.0,3.0,3.0,3.0,3.0,3.0,3.0,3.0,3.0,3.0,3.0,,D:dota_replay/Virtus.pro/20260420/,http://replay193.valve.net/570/8779006190_1411223926.dem.bz2,90.82226371765135,toDo,8779006190
4,4.0,4.0,4.0,4.0,4.0,4.0,4.0,4.0,4.0,4.0,4.0,,D:dota_replay/Virtus.pro/20260420/,http://replay191.valve.net/570/8778945001_1518693414.dem.bz2,131.80060863494873,toDo,8778945001
5,5.0,5.0,5.0,5.0,5.0,5.0,5.0,5.0,5.0,5.0,5.0,,D:dota_replay/Virtus.pro/20260420/,http://replay193.valve.net/570/8778252071_230243799.dem.bz2,105.1266279220581,toDo,8778252071
6,6.0,6.0,6.0,6.0,6.0,6.0,6.0,6.0,6.0,6.0,6.0,,D:dota_replay/Virtus.pro/20260420/,http://replay191.valve.net/570/8778168822_1545842367.dem.bz2,71.49171447753906,toDo,8778168822
7,7.0,7.0,7.0,7.0,7.0,7.0,7.0,7.0,7.0,7.0,7.0,,D:dota_replay/Virtus.pro/20260419/,http://replay193.valve.net/570/8778074211_124631498.dem.bz2,75.74394035339355,toDo,8778074211
8,8.0,8.0,8.0,8.0,8.0,8.0,8.0,8.0,8.0,8.0,8.0,,D:dota_replay/Virtus.pro/20260418/,http://replay193.valve.net/570/8776484403_335274668.dem.bz2,85.28601360321045,toDo,8776484403
9,9.0,9.0,9.0,9.0,9.0,9.0,9.0,9.0,9.0,9.0,9.0,,D:dota_replay/Virtus.pro/20260418/,http://replay193.valve.net/570/8776380784_1010494329.dem.bz2,72.32851791381836,toDo,8776380784
10,10.0,10.0,10.0,10.0,10.0,10.0,10.0,10.0,10.0,10.0,10.0,,D:dota_replay/Virtus.pro/20260414/,http://replay271.valve.net/570/8770616434_412280817.dem.bz2,118.25781154632568,toDo,8770616434
11,11.0,11.0,11.0,11.0,11.0,11.0,11.0,11.0,11.0,11.0,11.0,,D:dota_replay/Virtus.pro/20260414/,http://replay273.valve.net/570/8770550929_1753152539.dem.bz2,78.9493293762207,toDo,8770550929
12,12.0,12.0,12.0,12.0,12.0,12.0,12.0,12.0,12.0,12.0,12.0,,D:dota_replay/Virtus.pro/20260414/,http://replay272.valve.net/570/8770456297_1551696488.dem.bz2,97.4442081451416,toDo,8770456297
13,13.0,13.0,13.0,13.0,13.0,13.0,13.0,13.0,13.0,13.0,13.0,,D:dota_replay/Virtus.pro/20260412/,http://replay274.valve.net/570/8768894035_1847024782.dem.bz2,99.76100254058838,toDo,8768894035
14,14.0,14.0,14.0,14.0,14.0,14.0,14.0,14.0,14.0,14.0,14.0,,D:dota_replay/Virtus.pro/20260412/,http://replay273.valve.net/570/8768767328_402346388.dem.bz2,88.06328010559082,toDo,8768767328
15,15.0,15.0,15.0,15.0,15.0,15.0,15.0,15.0,15.0,15.0,15.0,,D:dota_replay/Virtus.pro/20260407/,http://replay274.valve.net/570/8760877821_245810357.dem.bz2,51.20351791381836,toDo,8760877821
16,16.0,16.0,16.0,16.0,16.0,16.0,16.0,16.0,16.0,16.0,16.0,,D:dota_replay/Virtus.pro/20260407/,http://replay274.valve.net/570/8760782649_1299943748.dem.bz2,64.082444190979,toDo,8760782649
17,17.0,17.0,17.0,17.0,17.0,17.0,17.0,17.0,17.0,17.0,17.0,,D:dota_replay/Virtus.pro/20260406/,http://replay273.valve.net/570/8759585866_1639179843.dem.bz2,54.88613986968994,toDo,8759585866
18,18.0,18.0,18.0,18.0,18.0,18.0,18.0,18.0,18.0,18.0,18.0,,D:dota_replay/Virtus.pro/20260406/,http://replay272.valve.net/570/8759524795_2105943314.dem.bz2,48.713236808776855,toDo,8759524795
19,19.0,19.0,19.0,19.0,19.0,19.0,19.0,19.0,19.0,19.0,19.0,,D:dota_replay/Virtus.pro/20260406/,http://replay273.valve.net/570/8759455338_955437187.dem.bz2,45.589234352111816,toDo,8759455338
20,20.0,20.0,20.0,20.0,20.0,20.0,20.0,20.0,20.0,20.0,20.0,,D:dota_replay/Virtus.pro/20260405/,http://replay273.valve.net/570/8758993964_911147417.dem.bz2,50.30546283721924,toDo,8758993964
21,21.0,21.0,21.0,21.0,21.0,21.0,21.0,21.0,21.0,21.0,21.0,,D:dota_replay/Virtus.pro/20260405/,http://replay273.valve.net/570/8758886089_1696372526.dem.bz2,62.24418640136719,toDo,8758886089
22,22.0,22.0,22.0,22.0,22.0,22.0,22.0,22.0,22.0,22.0,22.0,,D:dota_replay/Virtus.pro/20260405/,http://replay271.valve.net/570/8758783804_457865847.dem.bz2,54.60069274902344,toDo,8758783804
23,23.0,23.0,23.0,23.0,23.0,23.0,23.0,23.0,23.0,23.0,23.0,,D:dota_replay/Virtus.pro/20260405/,http://replay271.valve.net/570/8757769291_118477564.dem.bz2,32.0641565322876,toDo,8757769291
24,24.0,24.0,24.0,24.0,24.0,24.0,24.0,24.0,24.0,24.0,24.0,,D:dota_replay/Virtus.pro/20260405/,http://replay274.valve.net/570/8757649115_913539455.dem.bz2,93.617901802063,toDo,8757649115
25,25.0,25.0,25.0,25.0,25.0,25.0,25.0,25.0,25.0,25.0,25.0,,D:dota_replay/Virtus.pro/20260402/,http://replay274.valve.net/570/8754582619_1767878337.dem.bz2,76.50160121917725,toDo,8754582619
26,26.0,26.0,26.0,26.0,26.0,26.0,26.0,26.0,26.0,26.0,26.0,,D:dota_replay/Virtus.pro/20260402/,http://replay273.valve.net/570/8754463676_1564655361.dem.bz2,94.16250038146973,toDo,8754463676
27,27.0,27.0,27.0,27.0,27.0,27.0,27.0,27.0,27.0,27.0,27.0,,D:dota_replay/Virtus.pro/20260326/,http://replay274.valve.net/570/8743555498_1245713116.dem.bz2,128.47823429107666,toDo,8743555498
28,28.0,28.0,28.0,28.0,28.0,28.0,28.0,28.0,28.0,28.0,28.0,,D:dota_replay/Virtus.pro/20260325/,http://replay271.valve.net/570/8743439271_1066984467.dem.bz2,126.8640365600586,toDo,8743439271
29,29.0,29.0,29.0,29.0,29.0,29.0,29.0,29.0,29.0,29.0,29.0,,D:dota_replay/Virtus.pro/20260325/,http://replay272.valve.net/570/8742477122_938680636.dem.bz2,98.62939548492432,toDo,8742477122
30,30.0,30.0,30.0,30.0,30.0,30.0,30.0,30.0,30.0,30.0,30.0,,D:dota_replay/Virtus.pro/20260325/,http://replay271.valve.net/570/8742422808_1649163111.dem.bz2,78.13988590240479,toDo,8742422808
31,31.0,31.0,31.0,31.0,31.0,31.0,31.0,31.0,31.0,31.0,31.0,,D:dota_replay/Virtus.pro/20260325/,http://replay274.valve.net/570/8742349256_1960224426.dem.bz2,87.39905452728271,toDo,8742349256
32,32.0,32.0,32.0,32.0,32.0,32.0,32.0,32.0,32.0,32.0,32.0,,D:dota_replay/Virtus.pro/20260325/,http://replay273.valve.net/570/8742267022_718731690.dem.bz2,138.54578971862793,toDo,8742267022
33,33.0,33.0,33.0,33.0,33.0,33.0,33.0,33.0,33.0,33.0,33.0,,D:dota_replay/Virtus.pro/20260324/,http://replay274.valve.net/570/8741331131_456127313.dem.bz2,90.3251256942749,toDo,8741331131
34,34.0,34.0,34.0,34.0,34.0,34.0,34.0,34.0,34.0,34.0,34.0,,D:dota_replay/Virtus.pro/20260324/,http://replay272.valve.net/570/8741272511_1908896749.dem.bz2,77.06494617462158,toDo,8741272511
35,35.0,35.0,35.0,35.0,35.0,35.0,35.0,35.0,35.0,35.0,35.0,,D:dota_replay/Virtus.pro/20260324/,http://replay272.valve.net/570/8741195818_275543897.dem.bz2,97.97615242004396,toDo,8741195818
36,36.0,36.0,36.0,36.0,36.0,36.0,36.0,36.0,36.0,36.0,36.0,,D:dota_replay/Virtus.pro/20260324/,http://replay271.valve.net/570/8741100481_1612506137.dem.bz2,145.66820526123047,toDo,8741100481
37,37.0,37.0,37.0,37.0,37.0,37.0,37.0,37.0,37.0,37.0,37.0,,D:dota_replay/Virtus.pro/20260323/,http://replay273.valve.net/570/8740097396_889529345.dem.bz2,170.73397541046145,toDo,8740097396
38,38.0,38.0,38.0,38.0,38.0,38.0,38.0,38.0,38.0,38.0,38.0,,D:dota_replay/Virtus.pro/20260323/,http://replay273.valve.net/570/8740039655_1217177988.dem.bz2,133.46070289611816,toDo,8740039655
39,39.0,39.0,39.0,39.0,39.0,39.0,39.0,39.0,39.0,39.0,39.0,,D:dota_replay/Virtus.pro/20260323/,http://replay273.valve.net/570/8739952615_1349453974.dem.bz2,156.36497688293457,toDo,8739952615
40,40.0,40.0,40.0,40.0,40.0,40.0,40.0,40.0,40.0,40.0,40.0,,D:dota_replay/Virtus.pro/20260323/,http://replay274.valve.net/570/8739850995_800467826.dem.bz2,186.0120210647583,toDo,8739850995
41,41.0,41.0,41.0,41.0,41.0,41.0,41.0,41.0,41.0,41.0,41.0,,D:dota_replay/Virtus.pro/20260211/,http://replay273.valve.net/570/8685845932_1696497414.dem.bz2,164.4726219177246,toDo,8685845932
42,42.0,42.0,42.0,42.0,42.0,42.0,42.0,42.0,42.0,42.0,42.0,,D:dota_replay/Virtus.pro/20260211/,http://replay271.valve.net/570/8685755756_1991917097.dem.bz2,111.80113315582275,toDo,8685755756
43,43.0,43.0,43.0,43.0,43.0,43.0,43.0,43.0,43.0,43.0,43.0,,D:dota_replay/Virtus.pro/20260210/,http://replay274.valve.net/570/8685653783_1504144408.dem.bz2,83.57323551177979,toDo,8685653783
44,44.0,44.0,44.0,44.0,44.0,44.0,44.0,44.0,44.0,44.0,44.0,,D:dota_replay/Virtus.pro/20260208/,http://replay272.valve.net/570/8683023838_1935130289.dem.bz2,84.77154541015625,toDo,8683023838
45,45.0,45.0,45.0,45.0,45.0,45.0,45.0,45.0,45.0,45.0,45.0,,D:dota_replay/Virtus.pro/20260208/,http://replay272.valve.net/570/8682922613_242490624.dem.bz2,78.94064712524414,toDo,8682922613
46,46.0,46.0,46.0,46.0,46.0,46.0,46.0,46.0,46.0,46.0,46.0,,D:dota_replay/Virtus.pro/20260208/,http://replay272.valve.net/570/8682808051_2101537760.dem.bz2,76.19936084747314,toDo,8682808051
47,47.0,47.0,47.0,47.0,47.0,47.0,47.0,47.0,47.0,47.0,47.0,,D:dota_replay/Virtus.pro/20260208/,http://replay272.valve.net/570/8681702184_653086096.dem.bz2,75.39563465118408,toDo,8681702184
48,48.0,48.0,48.0,48.0,48.0,48.0,48.0,48.0,48.0,48.0,48.0,,D:dota_replay/Virtus.pro/20260207/,http://replay274.valve.net/570/8681570464_1894665067.dem.bz2,89.3348331451416,toDo,8681570464
49,49.0,49.0,49.0,49.0,49.0,49.0,49.0,49.0,49.0,49.0,49.0,,D:dota_replay/Virtus.pro/20260207/,http://replay271.valve.net/570/8681350238_1012972846.dem.bz2,46.90094184875488,toDo,8681350238
50,50.0,50.0,50.0,50.0,50.0,50.0,50.0,50.0,50.0,50.0,50.0,,D:dota_replay/Virtus.pro/20260207/,http://replay271.valve.net/570/8681252145_360970094.dem.bz2,45.13815784454346,toDo,8681252145
51,51.0,51.0,51.0,51.0,51.0,51.0,51.0,51.0,51.0,51.0,51.0,,D:dota_replay/Virtus.pro/20260207/,http://replay271.valve.net/570/8680514821_1966788360.dem.bz2,62.51672840118408,toDo,8680514821
52,52.0,52.0,52.0,52.0,52.0,52.0,52.0,52.0,52.0,52.0,52.0,,D:dota_replay/Virtus.pro/20260207/,http://replay271.valve.net/570/8680453812_1679199092.dem.bz2,41.009243965148926,toDo,8680453812
53,53.0,53.0,53.0,53.0,53.0,53.0,53.0,53.0,53.0,53.0,53.0,,D:dota_replay/Virtus.pro/20260207/,http://replay274.valve.net/570/8680365982_868647149.dem.bz2,51.757524490356445,toDo,8680365982
54,54.0,54.0,54.0,54.0,54.0,54.0,54.0,54.0,54.0,54.0,54.0,,D:dota_replay/Virtus.pro/20260207/,http://replay272.valve.net/570/8680281936_711531470.dem.bz2,75.69870185852051,toDo,8680281936
55,55.0,55.0,55.0,55.0,55.0,55.0,55.0,55.0,55.0,55.0,55.0,,D:dota_replay/Virtus.pro/20260207/,http://replay274.valve.net/570/8680186040_1142010343.dem.bz2,88.05207920074463,toDo,8680186040
56,56.0,56.0,56.0,56.0,56.0,56.0,56.0,56.0,56.0,56.0,56.0,,D:dota_replay/Virtus.pro/20260206/,http://replay274.valve.net/570/8680071751_1475607847.dem.bz2,106.375,toDo,8680071751
57,57.0,57.0,57.0,57.0,57.0,57.0,57.0,57.0,57.0,57.0,57.0,,D:dota_replay/Virtus.pro/20260206/,http://replay272.valve.net/570/8678847401_1080590296.dem.bz2,84.1430082321167,toDo,8678847401
58,58.0,58.0,58.0,58.0,58.0,58.0,58.0,58.0,58.0,58.0,58.0,,D:dota_replay/Virtus.pro/20260205/,http://replay271.valve.net/570/8678753328_1921262293.dem.bz2,62.23228073120117,toDo,8678753328
59,59.0,59.0,59.0,59.0,59.0,59.0,59.0,59.0,59.0,59.0,59.0,,D:dota_replay/Virtus.pro/20260205/,http://replay273.valve.net/570/8678617868_1022029502.dem.bz2,71.9591236114502,toDo,8678617868
60,60.0,60.0,60.0,60.0,60.0,60.0,60.0,60.0,60.0,60.0,60.0,,D:dota_replay/Virtus.pro/20260205/,http://replay272.valve.net/570/8678554261_137844517.dem.bz2,79.0477647781372,toDo,8678554261
61,61.0,61.0,61.0,61.0,61.0,61.0,61.0,61.0,61.0,61.0,61.0,,D:dota_replay/Virtus.pro/20260205/,http://replay273.valve.net/570/8678450147_435696546.dem.bz2,109.21567058563232,toDo,8678450147
62,62.0,62.0,62.0,62.0,62.0,62.0,62.0,62.0,62.0,62.0,62.0,,D:dota_replay/Virtus.pro/20260204/,http://replay274.valve.net/570/8677261775_2083225200.dem.bz2,53.11518955230713,toDo,8677261775
63,63.0,63.0,63.0,63.0,63.0,63.0,63.0,63.0,63.0,63.0,63.0,,D:dota_replay/Virtus.pro/20260204/,http://replay273.valve.net/570/8677201827_664757867.dem.bz2,33.480112075805664,toDo,8677201827
64,,,,,,,,,,,,,dota_replay/Virtus.pro/20260514/,http://replay273.valve.net/570/8809797141_1434148840.dem.bz2,130.1520185470581,toDo,8809797141
65,,,,,,,,,,,,,dota_replay/Virtus.pro/20260514/,http://replay274.valve.net/570/8809710774_1000818251.dem.bz2,125.84242248535156,toDo,8809710774
66,,,,,,,,,,,,,dota_replay/Virtus.pro/20260513/,http://replay271.valve.net/570/8809425113_54869333.dem.bz2,85.22185516357422,toDo,8809425113
67,,,,,,,,,,,,,dota_replay/Virtus.pro/20260513/,http://replay271.valve.net/570/8809242493_1981386714.dem.bz2,239.84460830688477,toDo,8809242493
68,,,,,,,,,,,,,dota_replay/Virtus.pro/20260513/,http://replay273.valve.net/570/8809158835_1709532280.dem.bz2,150.05204010009766,toDo,8809158835
