,Unnamed: 0.10,Unnamed: 0.9,Unnamed: 0.8,Unnamed: 0.7,Unnamed: 0.6,Unnamed: 0.5,Unnamed: 0.4,Unnamed: 0.3,Unnamed: 0.2,Unnamed: 0.1,Unnamed: 0,replay_dir_path,replay_url,size,status,match_id
0,0.0,0.0,0.0,0.0,0.0,0.0,0.0,0.0,0.0,0.0,0.0,D:dota_replay/Yellow Submarine/20260417/,http://replay271.valve.net/570/8774081139_1692524700.dem.bz2,75.8754301071167,toDo,8774081139
1,1.0,1.0,1.0,1.0,1.0,1.0,1.0,1.0,1.0,1.0,1.0,D:dota_replay/Yellow Submarine/20260417/,http://replay274.valve.net/570/8773980184_710623177.dem.bz2,80.6052131652832,toDo,8773980184
2,2.0,2.0,2.0,2.0,2.0,2.0,2.0,2.0,2.0,2.0,2.0,D:dota_replay/Yellow Submarine/20260416/,http://replay272.valve.net/570/8773886177_85175688.dem.bz2,57.21265697479248,toDo,8773886177
3,3.0,3.0,3.0,3.0,3.0,3.0,3.0,3.0,3.0,3.0,3.0,D:dota_replay/Yellow Submarine/20260415/,http://replay271.valve.net/570/8772345621_1680126869.dem.bz2,66.86562442779541,toDo,8772345621
4,4.0,4.0,4.0,4.0,4.0,4.0,4.0,4.0,4.0,4.0,4.0,D:dota_replay/Yellow Submarine/20260415/,http://replay271.valve.net/570/8772277447_1095040644.dem.bz2,63.54584884643555,toDo,8772277447
5,5.0,5.0,5.0,5.0,5.0,5.0,5.0,5.0,5.0,5.0,5.0,D:dota_replay/Yellow Submarine/20260413/,http://replay273.valve.net/570/8770119366_620380143.dem.bz2,46.016798973083496,toDo,8770119366
6,6.0,6.0,6.0,6.0,6.0,6.0,6.0,6.0,6.0,6.0,6.0,D:dota_replay/Yellow Submarine/20260413/,http://replay274.valve.net/570/8770021085_1163782359.dem.bz2,50.85788822174072,toDo,8770021085
7,7.0,7.0,7.0,7.0,7.0,7.0,7.0,7.0,7.0,7.0,7.0,D:dota_replay/Yellow Submarine/20260413/,http://replay273.valve.net/570/8769220424_1319414216.dem.bz2,82.85998725891113,toDo,8769220424
8,8.0,8.0,8.0,8.0,8.0,8.0,8.0,8.0,8.0,8.0,8.0,D:dota_replay/Yellow Submarine/20260413/,http://replay271.valve.net/570/8769132285_990641562.dem.bz2,53.45636463165283,toDo,8769132285
9,9.0,9.0,9.0,9.0,9.0,9.0,9.0,9.0,9.0,9.0,9.0,D:dota_replay/Yellow Submarine/20260411/,http://replay272.valve.net/570/8767241386_371774049.dem.bz2,62.53213024139404,toDo,8767241386
10,10.0,10.0,10.0,10.0,10.0,10.0,10.0,10.0,10.0,10.0,10.0,D:dota_replay/Yellow Submarine/20260411/,http://replay273.valve.net/570/8767163289_783926357.dem.bz2,39.548712730407715,toDo,8767163289
11,11.0,11.0,11.0,11.0,11.0,11.0,11.0,11.0,11.0,11.0,11.0,D:dota_replay/Yellow Submarine/20260411/,http://replay274.valve.net/570/8767035517_519935823.dem.bz2,66.04428482055664,toDo,8767035517
12,12.0,12.0,12.0,12.0,12.0,12.0,12.0,12.0,12.0,12.0,12.0,D:dota_replay/Yellow Submarine/20260411/,http://replay273.valve.net/570/8766838276_110219482.dem.bz2,62.70162582397461,toDo,8766838276
13,13.0,13.0,13.0,13.0,13.0,13.0,13.0,13.0,13.0,13.0,13.0,D:dota_replay/Yellow Submarine/20260411/,http://replay273.valve.net/570/8766766359_79897802.dem.bz2,50.52048110961914,toDo,8766766359
14,14.0,14.0,14.0,14.0,14.0,14.0,14.0,14.0,14.0,14.0,14.0,D:dota_replay/Yellow Submarine/20260408/,http://replay272.valve.net/570/8762271616_608132009.dem.bz2,103.5269012451172,toDo,8762271616
15,15.0,15.0,15.0,15.0,15.0,15.0,15.0,15.0,15.0,15.0,15.0,D:dota_replay/Yellow Submarine/20260408/,http://replay273.valve.net/570/8762190571_1960226710.dem.bz2,76.41823387145996,toDo,8762190571
16,16.0,16.0,16.0,16.0,16.0,16.0,16.0,16.0,16.0,16.0,16.0,D:dota_replay/Yellow Submarine/20260408/,http://replay274.valve.net/570/8762128911_799439169.dem.bz2,41.03976631164551,toDo,8762128911
17,17.0,17.0,17.0,17.0,17.0,17.0,17.0,17.0,17.0,17.0,17.0,D:dota_replay/Yellow Submarine/20260407/,http://replay274.valve.net/570/8761051241_827607315.dem.bz2,75.54036521911621,toDo,8761051241
18,18.0,18.0,18.0,18.0,18.0,18.0,18.0,18.0,18.0,18.0,18.0,D:dota_replay/Yellow Submarine/20260407/,http://replay273.valve.net/570/8760986413_1259474936.dem.bz2,97.9394063949585,toDo,8760986413
19,19.0,19.0,19.0,19.0,19.0,19.0,19.0,19.0,19.0,19.0,19.0,D:dota_replay/Yellow Submarine/20260406/,http://replay271.valve.net/570/8759495671_216692846.dem.bz2,58.878217697143555,toDo,8759495671
20,20.0,20.0,20.0,20.0,20.0,20.0,20.0,20.0,20.0,20.0,20.0,D:dota_replay/Yellow Submarine/20260406/,http://replay273.valve.net/570/8759404481_823134449.dem.bz2,65.45965766906738,toDo,8759404481
21,21.0,21.0,21.0,21.0,21.0,21.0,21.0,21.0,21.0,21.0,21.0,D:dota_replay/Yellow Submarine/20260405/,http://replay272.valve.net/570/8758516093_1221889056.dem.bz2,46.74972724914551,toDo,8758516093
22,22.0,22.0,22.0,22.0,22.0,22.0,22.0,22.0,22.0,22.0,22.0,D:dota_replay/Yellow Submarine/20260405/,http://replay272.valve.net/570/8758458334_244434956.dem.bz2,50.64942741394043,toDo,8758458334
23,23.0,23.0,23.0,23.0,23.0,23.0,23.0,23.0,23.0,23.0,23.0,D:dota_replay/Yellow Submarine/20260405/,http://replay272.valve.net/570/8757859782_1887803392.dem.bz2,48.057334899902344,toDo,8757859782
24,24.0,24.0,24.0,24.0,24.0,24.0,24.0,24.0,24.0,24.0,24.0,D:dota_replay/Yellow Submarine/20260405/,http://replay274.valve.net/570/8757778062_191621962.dem.bz2,47.73631477355957,toDo,8757778062
25,25.0,25.0,25.0,25.0,25.0,25.0,25.0,25.0,25.0,25.0,25.0,D:dota_replay/Yellow Submarine/20260404/,http://replay273.valve.net/570/8757529698_1847924563.dem.bz2,79.6467456817627,toDo,8757529698
26,26.0,26.0,26.0,26.0,26.0,26.0,26.0,26.0,26.0,26.0,26.0,D:dota_replay/Yellow Submarine/20260404/,http://replay273.valve.net/570/8757404869_2142604981.dem.bz2,48.97233009338379,toDo,8757404869
27,27.0,27.0,27.0,27.0,27.0,27.0,27.0,27.0,27.0,27.0,27.0,D:dota_replay/Yellow Submarine/20260402/,http://replay274.valve.net/570/8753565836_1696685143.dem.bz2,86.32095623016357,toDo,8753565836
28,28.0,28.0,28.0,28.0,28.0,28.0,28.0,28.0,28.0,28.0,28.0,D:dota_replay/Yellow Submarine/20260402/,http://replay273.valve.net/570/8753498070_262733636.dem.bz2,47.10252952575683,toDo,8753498070
29,29.0,29.0,29.0,29.0,29.0,29.0,29.0,29.0,29.0,29.0,29.0,D:dota_replay/Yellow Submarine/20260322/,http://replay271.valve.net/570/8738387051_787099977.dem.bz2,33.84566879272461,toDo,8738387051
30,30.0,30.0,30.0,30.0,30.0,30.0,30.0,30.0,30.0,30.0,30.0,D:dota_replay/Yellow Submarine/20260322/,http://replay271.valve.net/570/8738320065_1822535775.dem.bz2,42.03555011749267,toDo,8738320065
31,31.0,31.0,31.0,31.0,31.0,31.0,31.0,31.0,31.0,31.0,31.0,D:dota_replay/Yellow Submarine/20260322/,http://replay271.valve.net/570/8738216823_1064234419.dem.bz2,61.81552982330322,toDo,8738216823
32,32.0,32.0,32.0,32.0,32.0,32.0,32.0,32.0,32.0,32.0,32.0,D:dota_replay/Yellow Submarine/20260321/,http://replay273.valve.net/570/8738132472_681753605.dem.bz2,71.77030277252197,toDo,8738132472
33,33.0,33.0,33.0,33.0,33.0,33.0,33.0,33.0,33.0,33.0,33.0,D:dota_replay/Yellow Submarine/20260321/,http://replay273.valve.net/570/8737993354_1546996806.dem.bz2,54.7957763671875,toDo,8737993354
34,34.0,34.0,34.0,34.0,34.0,34.0,34.0,34.0,34.0,34.0,34.0,D:dota_replay/Yellow Submarine/20260320/,http://replay272.valve.net/570/8736495153_793160997.dem.bz2,56.94272994995117,toDo,8736495153
35,35.0,35.0,35.0,35.0,35.0,35.0,35.0,35.0,35.0,35.0,35.0,D:dota_replay/Yellow Submarine/20260320/,http://replay273.valve.net/570/8736399153_1330585647.dem.bz2,74.198486328125,toDo,8736399153
36,36.0,36.0,36.0,36.0,36.0,36.0,36.0,36.0,36.0,36.0,36.0,D:dota_replay/Yellow Submarine/20260320/,http://replay271.valve.net/570/8736339285_1964840470.dem.bz2,48.01491069793701,toDo,8736339285
37,37.0,37.0,37.0,37.0,37.0,37.0,37.0,37.0,37.0,37.0,37.0,D:dota_replay/Yellow Submarine/20260318/,http://replay274.valve.net/570/8734170338_1676346374.dem.bz2,41.362244606018066,toDo,8734170338
38,38.0,38.0,38.0,38.0,38.0,38.0,38.0,38.0,38.0,38.0,38.0,D:dota_replay/Yellow Submarine/20260318/,http://replay273.valve.net/570/8734082075_512905500.dem.bz2,48.81754493713379,toDo,8734082075
39,39.0,39.0,39.0,39.0,39.0,39.0,39.0,39.0,39.0,39.0,39.0,D:dota_replay/Yellow Submarine/20260317/,http://replay271.valve.net/570/8731906608_1788643539.dem.bz2,75.45265579223633,toDo,8731906608
40,40.0,40.0,40.0,40.0,40.0,40.0,40.0,40.0,40.0,40.0,40.0,D:dota_replay/Yellow Submarine/20260317/,http://replay273.valve.net/570/8731836208_662008600.dem.bz2,55.874667167663574,toDo,8731836208
41,41.0,41.0,41.0,41.0,41.0,41.0,41.0,41.0,41.0,41.0,41.0,D:dota_replay/Yellow Submarine/20260317/,http://replay273.valve.net/570/8731756504_1465719799.dem.bz2,44.21089267730713,toDo,8731756504
42,42.0,42.0,42.0,42.0,42.0,42.0,42.0,42.0,42.0,42.0,42.0,D:dota_replay/Yellow Submarine/20260310/,http://replay191.valve.net/570/8723242140_5594446.dem.bz2,81.94324207305908,toDo,8723242140
43,43.0,43.0,43.0,43.0,43.0,43.0,43.0,43.0,43.0,43.0,43.0,D:dota_replay/Yellow Submarine/20260310/,http://replay191.valve.net/570/8723196697_38694795.dem.bz2,110.37835121154784,toDo,8723196697
44,44.0,44.0,44.0,44.0,44.0,44.0,44.0,44.0,44.0,44.0,44.0,D:dota_replay/Yellow Submarine/20260309/,http://replay191.valve.net/570/8722413679_1023524353.dem.bz2,140.6979160308838,toDo,8722413679
45,45.0,45.0,45.0,45.0,45.0,45.0,45.0,45.0,45.0,45.0,45.0,D:dota_replay/Yellow Submarine/20260309/,http://replay191.valve.net/570/8722308255_1577171486.dem.bz2,129.13973999023438,toDo,8722308255
46,46.0,46.0,46.0,46.0,46.0,46.0,46.0,46.0,46.0,46.0,46.0,D:dota_replay/Yellow Submarine/20260309/,http://replay193.valve.net/570/8721178344_19865177.dem.bz2,155.35153484344482,toDo,8721178344
47,47.0,47.0,47.0,47.0,47.0,47.0,47.0,47.0,47.0,47.0,47.0,D:dota_replay/Yellow Submarine/20260308/,http://replay193.valve.net/570/8721082163_1028642176.dem.bz2,118.53432369232178,toDo,8721082163
48,48.0,48.0,48.0,48.0,48.0,48.0,48.0,48.0,48.0,48.0,48.0,D:dota_replay/Yellow Submarine/20260307/,http://replay192.valve.net/570/8719115659_2086805634.dem.bz2,155.9911127090454,toDo,8719115659
49,49.0,49.0,49.0,49.0,49.0,49.0,49.0,49.0,49.0,49.0,49.0,D:dota_replay/Yellow Submarine/20260307/,http://replay193.valve.net/570/8719042141_1637951864.dem.bz2,116.09654998779295,toDo,8719042141
50,50.0,50.0,50.0,50.0,50.0,50.0,50.0,50.0,50.0,50.0,50.0,D:dota_replay/Yellow Submarine/20260301/,http://replay274.valve.net/570/8710502861_229817804.dem.bz2,53.88563251495361,toDo,8710502861
51,51.0,51.0,51.0,51.0,51.0,51.0,51.0,51.0,51.0,51.0,51.0,D:dota_replay/Yellow Submarine/20260301/,http://replay272.valve.net/570/8710356466_431836998.dem.bz2,95.50772953033449,toDo,8710356466
52,52.0,52.0,52.0,52.0,52.0,52.0,52.0,52.0,52.0,52.0,52.0,D:dota_replay/Yellow Submarine/20260301/,http://replay274.valve.net/570/8710229889_384258219.dem.bz2,84.25647354125977,toDo,8710229889
53,53.0,53.0,53.0,53.0,53.0,53.0,53.0,53.0,53.0,53.0,53.0,D:dota_replay/Yellow Submarine/20260228/,http://replay273.valve.net/570/8708932486_418214429.dem.bz2,53.56548881530762,toDo,8708932486
54,54.0,54.0,54.0,54.0,54.0,54.0,54.0,54.0,54.0,54.0,54.0,D:dota_replay/Yellow Submarine/20260228/,http://replay274.valve.net/570/8708852535_135262862.dem.bz2,54.80769062042236,toDo,8708852535
55,55.0,55.0,55.0,55.0,55.0,55.0,55.0,55.0,55.0,55.0,55.0,D:dota_replay/Yellow Submarine/20260228/,http://replay274.valve.net/570/8708733981_1332184040.dem.bz2,64.04758167266846,toDo,8708733981
56,56.0,56.0,56.0,56.0,56.0,56.0,56.0,56.0,56.0,56.0,56.0,D:dota_replay/Yellow Submarine/20260227/,http://replay273.valve.net/570/8708593334_980895913.dem.bz2,40.988616943359375,toDo,8708593334
57,57.0,57.0,57.0,57.0,57.0,57.0,57.0,57.0,57.0,57.0,57.0,D:dota_replay/Yellow Submarine/20260227/,http://replay273.valve.net/570/8708477191_1556227234.dem.bz2,58.93378448486328,toDo,8708477191
58,58.0,58.0,58.0,58.0,58.0,58.0,58.0,58.0,58.0,58.0,58.0,D:dota_replay/Yellow Submarine/20260227/,http://replay273.valve.net/570/8707525376_1364005447.dem.bz2,49.59673881530762,toDo,8707525376
59,59.0,59.0,59.0,59.0,59.0,59.0,59.0,59.0,59.0,59.0,59.0,D:dota_replay/Yellow Submarine/20260227/,http://replay273.valve.net/570/8707440412_916601684.dem.bz2,40.739749908447266,toDo,8707440412
60,60.0,60.0,60.0,60.0,60.0,60.0,60.0,60.0,60.0,60.0,60.0,D:dota_replay/Yellow Submarine/20260226/,http://replay272.valve.net/570/8706360526_971189470.dem.bz2,68.90558433532715,toDo,8706360526
61,61.0,61.0,61.0,61.0,61.0,61.0,61.0,61.0,61.0,61.0,61.0,D:dota_replay/Yellow Submarine/20260226/,http://replay272.valve.net/570/8706289761_1857466446.dem.bz2,65.33182144165039,toDo,8706289761
62,62.0,62.0,62.0,62.0,62.0,62.0,62.0,62.0,62.0,62.0,62.0,D:dota_replay/Yellow Submarine/20260226/,http://replay273.valve.net/570/8706211677_510974961.dem.bz2,48.87524127960205,toDo,8706211677
63,63.0,63.0,63.0,63.0,63.0,63.0,63.0,63.0,63.0,63.0,63.0,D:dota_replay/Yellow Submarine/20260223/,http://replay273.valve.net/570/8703333995_1651610559.dem.bz2,55.80173206329346,toDo,8703333995
64,64.0,64.0,64.0,64.0,64.0,64.0,64.0,64.0,64.0,64.0,64.0,D:dota_replay/Yellow Submarine/20260223/,http://replay271.valve.net/570/8703199583_66707746.dem.bz2,64.46030139923096,toDo,8703199583
65,65.0,65.0,65.0,65.0,65.0,65.0,65.0,65.0,65.0,65.0,65.0,D:dota_replay/Yellow Submarine/20260222/,http://replay273.valve.net/570/8700448186_396072109.dem.bz2,40.32933807373047,toDo,8700448186
66,66.0,66.0,66.0,66.0,66.0,66.0,66.0,66.0,66.0,66.0,66.0,D:dota_replay/Yellow Submarine/20260222/,http://replay271.valve.net/570/8700324023_1501128133.dem.bz2,72.15141487121582,toDo,8700324023
67,67.0,67.0,67.0,67.0,67.0,67.0,67.0,67.0,67.0,67.0,67.0,D:dota_replay/Yellow Submarine/20260220/,http://replay271.valve.net/570/8698399415_2054184578.dem.bz2,37.6339807510376,toDo,8698399415
68,68.0,68.0,68.0,68.0,68.0,68.0,68.0,68.0,68.0,68.0,68.0,D:dota_replay/Yellow Submarine/20260220/,http://replay271.valve.net/570/8698315448_34934215.dem.bz2,70.50903129577637,toDo,8698315448
69,69.0,69.0,69.0,69.0,69.0,69.0,69.0,69.0,69.0,69.0,69.0,D:dota_replay/Yellow Submarine/20260214/,http://replay185.valve.net/570/8690611510_1336725859.dem.bz2,62.6688232421875,toDo,8690611510
70,70.0,70.0,70.0,70.0,70.0,70.0,70.0,70.0,70.0,70.0,70.0,D:dota_replay/Yellow Submarine/20260214/,http://replay183.valve.net/570/8690519807_248994244.dem.bz2,87.23081302642822,toDo,8690519807
71,71.0,71.0,71.0,71.0,71.0,71.0,71.0,71.0,71.0,71.0,71.0,D:dota_replay/Yellow Submarine/20260214/,http://replay185.valve.net/570/8690443559_691999199.dem.bz2,69.66863536834717,toDo,8690443559
72,72.0,72.0,72.0,72.0,72.0,72.0,72.0,72.0,72.0,72.0,72.0,D:dota_replay/Yellow Submarine/20260213/,http://replay184.valve.net/570/8689196480_1316809302.dem.bz2,40.24225425720215,toDo,8689196480
73,73.0,73.0,73.0,73.0,73.0,73.0,73.0,73.0,73.0,73.0,73.0,D:dota_replay/Yellow Submarine/20260213/,http://replay185.valve.net/570/8689142506_2069701381.dem.bz2,53.417616844177246,toDo,8689142506
74,74.0,74.0,74.0,74.0,74.0,74.0,74.0,74.0,74.0,74.0,74.0,D:dota_replay/Yellow Submarine/20260213/,http://replay182.valve.net/570/8689078618_320936312.dem.bz2,78.3536148071289,toDo,8689078618
75,75.0,75.0,75.0,75.0,75.0,75.0,75.0,75.0,75.0,75.0,75.0,D:dota_replay/Yellow Submarine/20260212/,http://replay182.valve.net/570/8687904415_268006875.dem.bz2,62.941184997558594,toDo,8687904415
76,76.0,76.0,76.0,76.0,76.0,76.0,76.0,76.0,76.0,76.0,76.0,D:dota_replay/Yellow Submarine/20260212/,http://replay185.valve.net/570/8687817179_1696225304.dem.bz2,112.87118244171144,toDo,8687817179
77,77.0,77.0,77.0,77.0,77.0,77.0,,,,,,D:dota_replay/Yellow Submarine/20260510/,http://replay271.valve.net/570/8805663571_2057958150.dem.bz2,59.49338912963867,toDo,8805663571
78,78.0,78.0,78.0,78.0,78.0,78.0,,,,,,D:dota_replay/Yellow Submarine/20260510/,http://replay272.valve.net/570/8805569200_1212213080.dem.bz2,60.933756828308105,toDo,8805569200
79,79.0,79.0,79.0,79.0,79.0,79.0,,,,,,D:dota_replay/Yellow Submarine/20260510/,http://replay274.valve.net/570/8805414368_709255954.dem.bz2,118.72837162017822,toDo,8805414368
80,80.0,80.0,80.0,80.0,80.0,80.0,,,,,,D:dota_replay/Yellow Submarine/20260509/,http://replay274.valve.net/570/8803798979_1529042335.dem.bz2,50.90810489654541,toDo,8803798979
81,81.0,81.0,81.0,81.0,81.0,81.0,,,,,,D:dota_replay/Yellow Submarine/20260509/,http://replay274.valve.net/570/8803706352_532742649.dem.bz2,104.39055728912354,toDo,8803706352
82,82.0,82.0,82.0,82.0,82.0,82.0,,,,,,D:dota_replay/Yellow Submarine/20260508/,http://replay271.valve.net/570/8802399753_305532438.dem.bz2,49.35721778869629,toDo,8802399753
83,83.0,83.0,83.0,83.0,83.0,83.0,,,,,,D:dota_replay/Yellow Submarine/20260508/,http://replay273.valve.net/570/8802328626_321035736.dem.bz2,72.30050659179688,toDo,8802328626
84,84.0,84.0,84.0,84.0,84.0,84.0,,,,,,D:dota_replay/Yellow Submarine/20260506/,http://replay271.valve.net/570/8799969151_799358096.dem.bz2,104.56466674804688,toDo,8799969151
85,85.0,85.0,85.0,85.0,85.0,85.0,,,,,,D:dota_replay/Yellow Submarine/20260506/,http://replay271.valve.net/570/8799897822_1700286281.dem.bz2,103.06353950500488,toDo,8799897822
86,86.0,86.0,86.0,86.0,86.0,86.0,,,,,,D:dota_replay/Yellow Submarine/20260505/,http://replay274.valve.net/570/8798846842_234313987.dem.bz2,50.370819091796875,toDo,8798846842
87,87.0,87.0,87.0,87.0,87.0,87.0,,,,,,D:dota_replay/Yellow Submarine/20260505/,http://replay273.valve.net/570/8798776092_169445728.dem.bz2,65.14129161834717,toDo,8798776092
88,88.0,88.0,88.0,88.0,88.0,88.0,,,,,,D:dota_replay/Yellow Submarine/20260505/,http://replay271.valve.net/570/8798715738_424626024.dem.bz2,64.63138389587402,toDo,8798715738
89,89.0,89.0,89.0,89.0,89.0,89.0,,,,,,D:dota_replay/Yellow Submarine/20260504/,http://replay274.valve.net/570/8797005855_1064340949.dem.bz2,49.927334785461426,toDo,8797005855
90,90.0,90.0,90.0,90.0,90.0,90.0,,,,,,D:dota_replay/Yellow Submarine/20260504/,http://replay273.valve.net/570/8796923918_1491732525.dem.bz2,66.75050640106201,toDo,8796923918
91,91.0,91.0,91.0,91.0,91.0,91.0,,,,,,D:dota_replay/Yellow Submarine/20260504/,http://replay272.valve.net/570/8796840419_858597571.dem.bz2,63.55459308624267,toDo,8796840419
92,92.0,92.0,92.0,92.0,92.0,92.0,,,,,,D:dota_replay/Yellow Submarine/20260503/,http://replay272.valve.net/570/8795313607_1549908330.dem.bz2,52.47340106964111,toDo,8795313607
93,93.0,93.0,93.0,93.0,93.0,93.0,,,,,,D:dota_replay/Yellow Submarine/20260503/,http://replay273.valve.net/570/8795235991_651411680.dem.bz2,52.50156211853027,toDo,8795235991
94,94.0,94.0,94.0,94.0,94.0,94.0,,,,,,D:dota_replay/Yellow Submarine/20260502/,http://replay274.valve.net/570/8795149036_457266525.dem.bz2,52.04060649871826,toDo,8795149036
